Workbook

Sheet Uebersetzung_ccm
B1: Berechnet für Continuous Conduction Mode
B4: d und U1 werden nährungsweise Konstant gehalten / jeder erste Wert in einem Messreihen block ist nahe am "Anfang des CCM" => critical conduction mode aufgenommen
B5: Thermische EInschwingzeit: 2-5 min | N5: SerienWdst des Kabels ist hier nicht mit erfasst
B6: Ansteuerung | C6: Ü_ideal | D6: Messung | E6: Messwerte | I6: Rechenwerte | N6: Stellwert
B7: d | C7: Ü | D7: Name | E7: U1 [V] | F7: I1 [A] | G7: U2 [V] | H7: I2 [A] | I7: U2/U1 | J7: P1 [W] | K7: P2 [W] | L7: Pdiff [W] | M7: P2/P1 | N7: R_L [Ω]
B8: 0.05 | C8: =1/(1-2*B8) -> 1.1111111 | D8: =TEXT(ROUND(E8,3),"#,#")&"_"&TEXT(B8,"0,##") -> 3,3_0,05 | E8: 3.30405 | F8: 0.06294 | G8: 3.0772 | H8: 0.05115 | I8: =G8/E8 -> 0.93134184 | J8: =F8*E8 -> 0.20795691 | K8: =H8*G8 -> 0.15739878 | L8: =J8-K8 -> 0.050558127 | M8: =K8/J8 -> 0.75688171 | N8: 60
B9: 0.05 | C9: =1/(1-2*B9) -> 1.1111111 | D9: =TEXT(ROUND(E9,3),"#,#")&"_"&TEXT(B9,"0,##") -> 3,3_0,05 | E9: 3.3 | F9: 0.11624 | G9: 2.9701 | H9: 0.09807 | I9: =G9/E9 -> 0.9000303 | J9: =F9*E9 -> 0.383592 | K9: =H9*G9 -> 0.29127771 | L9: =J9-K9 -> 0.092314293 | M9: =K9/J9 -> 0.7593425 | N9: 30
B10: 0.05 | C10: =1/(1-2*B10) -> 1.1111111 | D10: =TEXT(ROUND(E10,3),"#,#")&"_"&TEXT(B10,"0,##") -> 3,3_0,05 | E10: 3.3019 | F10: 0.22152 | G10: 2.88198 | H10: 0.19116 | I10: =G10/E10 -> 0.87282474 | J10: =F10*E10 -> 0.73143689 | K10: =H10*G10 -> 0.5509193 | L10: =J10-K10 -> 0.18051759 | M10: =K10/J10 -> 0.75320141 | N10: 15
B11: 0.05 | C11: =1/(1-2*B11) -> 1.1111111 | D11: =TEXT(ROUND(E11,3),"#,#")&"_"&TEXT(B11,"0,##") -> 3,3_0,05 | E11: 3.307 | F11: 0.859 | G11: 2.7061 | H11: 0.75788 | I11: =G11/E11 -> 0.81829453 | J11: =F11*E11 -> 2.840713 | K11: =H11*G11 -> 2.0508991 | L11: =J11-K11 -> 0.78981393 | M11: =K11/J11 -> 0.7219663 | N11: 3.5
B12: 0.05 | C12: =1/(1-2*B12) -> 1.1111111 | D12: =TEXT(ROUND(E12,3),"#,#")&"_"&TEXT(B12,"0,##") -> 3,3_0,05 | E12: 3.3096 | F12: 2.5928 | G12: 2.4666 | H12: 2.29875 | I12: =G12/E12 -> 0.74528644 | J12: =F12*E12 -> 8.5811309 | K12: =H12*G12 -> 5.6700968 | L12: =J12-K12 -> 2.9110341 | M12: =K12/J12 -> 0.66076335 | N12: 1
B13: 0.05 | C13: =1/(1-2*B13) -> 1.1111111 | D13: =TEXT(ROUND(E13,3),"#,#")&"_"&TEXT(B13,"0,##") -> 3,3_0,05 | E13: 3.305 | F13: 4.4095 | G13: 2.253 | H13: 3.92205 | I13: =G13/E13 -> 0.6816944 | J13: =F13*E13 -> 14.573398 | K13: =H13*G13 -> 8.8363787 | L13: =J13-K13 -> 5.7370189 | M13: =K13/J13 -> 0.60633621 | N13: 0.5
B14: 0.05 | C14: =1/(1-2*B14) -> 1.1111111 | D14: =TEXT(ROUND(E14,3),"#,#")&"_"&TEXT(B14,"0,##") -> 3,3_0,05 | E14: 3.301 | F14: 6.0558 | G14: 2.136 | H14: 5.404 | I14: =G14/E14 -> 0.64707664 | J14: =F14*E14 -> 19.990196 | K14: =H14*G14 -> 11.542944 | L14: =J14-K14 -> 8.4472518 | M14: =K14/J14 -> 0.57743026 | N14: 0.4
B16: 0.05 | C16: =1/(1-2*B16) -> 1.1111111 | D16: =TEXT(ROUND(E16,3),"#")&"_"&TEXT(B16,"0,##") -> 5_0,05 | E16: 5.01726 | F16: 0.10141 | G16: 5.02257 | H16: 0.083333 | I16: =G16/E16 -> 1.0010583 | J16: =F16*E16 -> 0.50880034 | K16: =H16*G16 -> 0.41854583 | L16: =J16-K16 -> 0.090254511 | M16: =K16/J16 -> 0.82261311 | N16: 60
B17: 0.05 | C17: =1/(1-2*B17) -> 1.1111111 | D17: =TEXT(ROUND(E17,3),"#")&"_"&TEXT(B17,"0,##") -> 5_0,05 | E17: 5.00435 | F17: 0.18967 | G17: 4.8851 | H17: 0.16108 | I17: =G17/E17 -> 0.97617073 | J17: =F17*E17 -> 0.94917506 | K17: =H17*G17 -> 0.78689191 | L17: =J17-K17 -> 0.16228316 | M17: =K17/J17 -> 0.82902716 | N17: 30
B18: 0.05 | C18: =1/(1-2*B18) -> 1.1111111 | D18: =TEXT(ROUND(E18,3),"#")&"_"&TEXT(B18,"0,##") -> 5_0,05 | E18: 5.0016 | F18: 0.36546 | G18: 4.77228 | H18: 0.31658 | I18: =G18/E18 -> 0.95415067 | J18: =F18*E18 -> 1.8278847 | K18: =H18*G18 -> 1.5108084 | L18: =J18-K18 -> 0.31707633 | M18: =K18/J18 -> 0.82653374 | N18: 15
B19: 0.05 | C19: =1/(1-2*B19) -> 1.1111111 | D19: =TEXT(ROUND(E19,3),"#")&"_"&TEXT(B19,"0,##") -> 5_0,05 | E19: 5.0093 | F19: 0.70452 | G19: 4.676 | H19: 0.61728 | I19: =G19/E19 -> 0.93346376 | J19: =F19*E19 -> 3.529152 | K19: =H19*G19 -> 2.8864013 | L19: =J19-K19 -> 0.64275076 | M19: =K19/J19 -> 0.81787388 | N19: 7.5
B20: 0.05 | C20: =1/(1-2*B20) -> 1.1111111 | D20: =TEXT(ROUND(E20,3),"#")&"_"&TEXT(B20,"0,##") -> 5_0,05 | E20: 5.009 | F20: 1.96926 | G20: 4.4708 | H20: 1.73965 | I20: =G20/E20 -> 0.8925534 | J20: =F20*E20 -> 9.8640233 | K20: =H20*G20 -> 7.7776272 | L20: =J20-K20 -> 2.0863961 | M20: =K20/J20 -> 0.78848427 | N20: 2.5
B21: 0.05 | C21: =1/(1-2*B21) -> 1.1111111 | D21: =TEXT(ROUND(E21,3),"#")&"_"&TEXT(B21,"0,##") -> 5_0,05 | E21: 5.001 | F21: 4.4099 | G21: 4.1908 | H21: 3.90597 | I21: =G21/E21 -> 0.8379924 | J21: =F21*E21 -> 22.05391 | K21: =H21*G21 -> 16.369139 | L21: =J21-K21 -> 5.6847708 | M21: =K21/J21 -> 0.74223297 | N21: 1
B22: 0.05 | C22: =1/(1-2*B22) -> 1.1111111 | D22: =TEXT(ROUND(E22,3),"#")&"_"&TEXT(B22,"0,##") -> 5_0,05 | E22: 5.005 | F22: 5.928 | G22: 4.0716 | H22: 5.2574 | I22: =G22/E22 -> 0.81350649 | J22: =F22*E22 -> 29.66964 | K22: =H22*G22 -> 21.40603 | L22: =J22-K22 -> 8.2636102 | M22: =K22/J22 -> 0.72147926 | N22: 0.7
B24: 0.05 | C24: =1/(1-2*B24) -> 1.1111111 | D24: =TEXT(ROUND(E24,3),"#")&"_"&TEXT(B24,"0,##") -> 9_0,05 | E24: 9.0563 | F24: 0.148255 | G24: 9.724 | H24: 0.12135 | I24: =G24/E24 -> 1.0737277 | J24: =F24*E24 -> 1.3426418 | K24: =H24*G24 -> 1.1800074 | L24: =J24-K24 -> 0.16263436 | M24: =K24/J24 -> 0.87886988 | N24: 80
B25: 0.05 | C25: =1/(1-2*B25) -> 1.1111111 | D25: =TEXT(ROUND(E25,3),"#")&"_"&TEXT(B25,"0,##") -> 9_0,05 | E25: 9.0165 | F25: 0.2791 | G25: 9.493 | H25: 0.2365 | I25: =G25/E25 -> 1.0528476 | J25: =F25*E25 -> 2.5165052 | K25: =H25*G25 -> 2.2450945 | L25: =J25-K25 -> 0.27141065 | M25: =K25/J25 -> 0.89214779 | N25: 40
B26: 0.05 | C26: =1/(1-2*B26) -> 1.1111111 | D26: =TEXT(ROUND(E26,3),"#")&"_"&TEXT(B26,"0,##") -> 9_0,05 | E26: 9.0021 | F26: 0.537126 | G26: 9.3155 | H26: 0.46454 | I26: =G26/E26 -> 1.0348141 | J26: =F26*E26 -> 4.835262 | K26: =H26*G26 -> 4.3274224 | L26: =J26-K26 -> 0.50783959 | M26: =K26/J26 -> 0.89497165 | N26: 20
B27: 0.05 | C27: =1/(1-2*B27) -> 1.1111111 | D27: =TEXT(ROUND(E27,3),"#")&"_"&TEXT(B27,"0,##") -> 9_0,05 | E27: 9.0065 | F27: 1.04045 | G27: 9.1715 | H27: 0.910436 | I27: =G27/E27 -> 1.0183201 | J27: =F27*E27 -> 9.3708129 | K27: =H27*G27 -> 8.3500638 | L27: =J27-K27 -> 1.0207492 | M27: =K27/J27 -> 0.89107144 | N27: 10
B28: 0.05 | C28: =1/(1-2*B28) -> 1.1111111 | D28: =TEXT(ROUND(E28,3),"#")&"_"&TEXT(B28,"0,##") -> 9_0,05 | E28: 9.0083 | F28: 2.01844 | G28: 9.0065 | H28: 1.7768 | I28: =G28/E28 -> 0.99980018 | J28: =F28*E28 -> 18.182713 | K28: =H28*G28 -> 16.002749 | L28: =J28-K28 -> 2.1799639 | M28: =K28/J28 -> 0.88010789 | N28: 5
... B42: 0.05 | C42: =1/(1-2*B42) -> 1.1111111 | D42: =TEXT(ROUND(E42,3),"#")&"_"&TEXT(B42,"0,##") -> 24_0,05 | E42: 24.0136 | F42: 5.7665 | G42: 25.61 | H42: 5.0635 | I42: =G42/E42 -> 1.066479 | J42: =F42*E42 -> 138.47442 | K42: =H42*G42 -> 129.67624 | L42: =J42-K42 -> 8.7981894 | M42: =K42/J42 -> 0.93646343 | N42: 5
B44: 0.1 | C44: =1/(1-2*B44) -> 1.25 | D44: =TEXT(ROUND(E44,3),"#,#")&"_"&TEXT(B44,"0,##") -> 3,3_0,1 | E44: 3.3016 | F44: 0.10331 | G44: 3.456 | H44: 0.07576 | I44: =G44/E44 -> 1.0467652 | J44: =F44*E44 -> 0.3410883 | K44: =H44*G44 -> 0.26182656 | L44: =J44-K44 -> 0.079261736 | M44: =K44/J44 -> 0.76762106 | N44: 45
B45: 0.1 | C45: =1/(1-2*B45) -> 1.25 | D45: =TEXT(ROUND(E45,3),"#,#")&"_"&TEXT(B45,"0,##") -> 3,3_0,1 | E45: 3.3011 | F45: 0.21765 | G45: 3.3251 | H45: 0.16529 | I45: =G45/E45 -> 1.0072703 | J45: =F45*E45 -> 0.71848442 | K45: =H45*G45 -> 0.54960578 | L45: =J45-K45 -> 0.16887864 | M45: =K45/J45 -> 0.76495157 | N45: 20
B46: 0.1 | C46: =1/(1-2*B46) -> 1.25 | D46: =TEXT(ROUND(E46,3),"#,#")&"_"&TEXT(B46,"0,##") -> 3,3_0,1 | E46: 3.3007 | F46: 0.41561 | G46: 3.2279 | H46: 0.320795 | I46: =G46/E46 -> 0.97794407 | J46: =F46*E46 -> 1.3718039 | K46: =H46*G46 -> 1.0354942 | L46: =J46-K46 -> 0.33630975 | M46: =K46/J46 -> 0.75484124 | N46: 10
B47: 0.1 | C47: =1/(1-2*B47) -> 1.25 | D47: =TEXT(ROUND(E47,3),"#,#")&"_"&TEXT(B47,"0,##") -> 3,3_0,1 | E47: 3.3019 | F47: 0.7904 | G47: 3.1253 | H47: 0.6169 | I47: =G47/E47 -> 0.94651564 | J47: =F47*E47 -> 2.6098218 | K47: =H47*G47 -> 1.9279976 | L47: =J47-K47 -> 0.68182419 | M47: =K47/J47 -> 0.73874684 | N47: 5
B48: 0.1 | C48: =1/(1-2*B48) -> 1.25 | D48: =TEXT(ROUND(E48,3),"#,#")&"_"&TEXT(B48,"0,##") -> 3,3_0,1 | E48: 3.3001 | F48: 1.48342 | G48: 2.9888 | H48: 1.1625 | I48: =G48/E48 -> 0.90566953 | J48: =F48*E48 -> 4.8954343 | K48: =H48*G48 -> 3.47448 | L48: =J48-K48 -> 1.4209543 | M48: =K48/J48 -> 0.70973886 | N48: 2.5
B49: 0.1 | C49: =1/(1-2*B49) -> 1.25 | D49: =TEXT(ROUND(E49,3),"#,#")&"_"&TEXT(B49,"0,##") -> 3,3_0,1 | E49: 3.3005 | F49: 3.233 | G49: 2.7245 | H49: 2.54236 | I49: =G49/E49 -> 0.82548099 | J49: =F49*E49 -> 10.670516 | K49: =H49*G49 -> 6.9266598 | L49: =J49-K49 -> 3.7438567 | M49: =K49/J49 -> 0.64914007 | N49: 1
B50: 0.1 | C50: =1/(1-2*B50) -> 1.25 | D50: =TEXT(ROUND(E50,3),"#,#")&"_"&TEXT(B50,"0,##") -> 3,3_0,1 | E50: 3.302 | F50: 5.8326 | G50: 2.416 | H50: 4.6082 | I50: =G50/E50 -> 0.73167777 | J50: =F50*E50 -> 19.259245 | K50: =H50*G50 -> 11.133411 | L50: =J50-K50 -> 8.125834 | M50: =K50/J50 -> 0.57808139 | N50: 0.45
B52: 0.1 | C52: =1/(1-2*B52) -> 1.25 | D52: =TEXT(ROUND(E52,3),"#")&"_"&TEXT(B52,"0,##") -> 5_0,1 | E52: 5.00227 | F52: 0.16778 | G52: 5.6085 | H52: 0.12429 | I52: =G52/E52 -> 1.121191 | J52: =F52*E52 -> 0.83928086 | K52: =H52*G52 -> 0.69708046 | L52: =J52-K52 -> 0.1422004 | M52: =K52/J52 -> 0.83056876 | N52: 45
B53: 0.1 | C53: =1/(1-2*B53) -> 1.25 | D53: =TEXT(ROUND(E53,3),"#")&"_"&TEXT(B53,"0,##") -> 5_0,1 | E53: 5.00058 | F53: 0.35703 | G53: 5.4702 | H53: 0.27246 | I53: =G53/E53 -> 1.0939131 | J53: =F53*E53 -> 1.7853571 | K53: =H53*G53 -> 1.4904107 | L53: =J53-K53 -> 0.29494639 | M53: =K53/J53 -> 0.83479698 | N53: 20
B54: 0.1 | C54: =1/(1-2*B54) -> 1.25 | D54: =TEXT(ROUND(E54,3),"#")&"_"&TEXT(B54,"0,##") -> 5_0,1 | E54: 5.0042 | F54: 0.68466 | G54: 5.3447 | H54: 0.52985 | I54: =G54/E54 -> 1.0680428 | J54: =F54*E54 -> 3.4261756 | K54: =H54*G54 -> 2.8318893 | L54: =J54-K54 -> 0.59428628 | M54: =K54/J54 -> 0.82654529 | N54: 10
B55: 0.1 | C55: =1/(1-2*B55) -> 1.25 | D55: =TEXT(ROUND(E55,3),"#")&"_"&TEXT(B55,"0,##") -> 5_0,1 | E55: 5.0006 | F55: 1.3139 | G55: 5.1987 | H55: 1.024828 | I55: =G55/E55 -> 1.0396152 | J55: =F55*E55 -> 6.5702883 | K55: =H55*G55 -> 5.3277733 | L55: =J55-K55 -> 1.242515 | M55: =K55/J55 -> 0.81088881 | N55: 5
B56: 0.1 | C56: =1/(1-2*B56) -> 1.25 | D56: =TEXT(ROUND(E56,3),"#")&"_"&TEXT(B56,"0,##") -> 5_0,1 | E56: 5.0001 | F56: 2.4771 | G56: 5.0045 | H56: 1.9396 | I56: =G56/E56 -> 1.00088 | J56: =F56*E56 -> 12.385748 | K56: =H56*G56 -> 9.7067282 | L56: =J56-K56 -> 2.6790195 | M56: =K56/J56 -> 0.78370143 | N56: 2.5
B57: 0.1 | C57: =1/(1-2*B57) -> 1.25 | D57: =TEXT(ROUND(E57,3),"#")&"_"&TEXT(B57,"0,##") -> 5_0,1 | E57: 5.002 | F57: 5.46425 | G57: 4.6263 | H57: 4.2918 | I57: =G57/E57 -> 0.92489004 | J57: =F57*E57 -> 27.332178 | K57: =H57*G57 -> 19.855154 | L57: =J57-K57 -> 7.4770242 | M57: =K57/J57 -> 0.72643878 | N57: 1
B59: 0.1 | C59: =1/(1-2*B59) -> 1.25 | D59: =TEXT(ROUND(E59,3),"#")&"_"&TEXT(B59,"0,##") -> 9_0,1 | E59: 9.00177 | F59: 0.26086 | G59: 10.6923 | H59: 0.19339 | I59: =G59/E59 -> 1.1877997 | J59: =F59*E59 -> 2.3482017 | K59: =H59*G59 -> 2.0677839 | L59: =J59-K59 -> 0.28041783 | M59: =K59/J59 -> 0.88058188 | N59: 55
B60: 0.1 | C60: =1/(1-2*B60) -> 1.25 | D60: =TEXT(ROUND(E60,3),"#")&"_"&TEXT(B60,"0,##") -> 9_0,1 | E60: 9.0086 | F60: 0.5027 | G60: 10.5445 | H60: 0.3826 | I60: =G60/E60 -> 1.1704926 | J60: =F60*E60 -> 4.5286232 | K60: =H60*G60 -> 4.0343257 | L60: =J60-K60 -> 0.49429752 | M60: =K60/J60 -> 0.89085038 | N60: 27.5
B61: 0.1 | C61: =1/(1-2*B61) -> 1.25 | D61: =TEXT(ROUND(E61,3),"#")&"_"&TEXT(B61,"0,##") -> 9_0,1 | E61: 9.0013 | F61: 0.89533 | G61: 10.399 | H61: 0.69068 | I61: =G61/E61 -> 1.1552776 | J61: =F61*E61 -> 8.0591339 | K61: =H61*G61 -> 7.1823813 | L61: =J61-K61 -> 0.87675261 | M61: =K61/J61 -> 0.89121007 | N61: 15
B62: 0.1 | C62: =1/(1-2*B62) -> 1.25 | D62: =TEXT(ROUND(E62,3),"#")&"_"&TEXT(B62,"0,##") -> 9_0,1 | E62: 9.0008 | F62: 1.73609 | G62: 10.2222 | H62: 1.3509 | I62: =G62/E62 -> 1.135699 | J62: =F62*E62 -> 15.626199 | K62: =H62*G62 -> 13.80917 | L62: =J62-K62 -> 1.8170289 | M62: =K62/J62 -> 0.88371907 | N62: 7.5
B63: 0.1 | C63: =1/(1-2*B63) -> 1.25 | D63: =TEXT(ROUND(E63,3),"#")&"_"&TEXT(B63,"0,##") -> 9_0,1 | E63: 9.0023 | F63: 3.14568 | G63: 9.9896 | H63: 2.4568 | I63: =G63/E63 -> 1.109672 | J63: =F63*E63 -> 28.318355 | K63: =H63*G63 -> 24.542449 | L63: =J63-K63 -> 3.7759058 | M63: =K63/J63 -> 0.86666225 | N63: 4
B64: 0.1 | C64: =1/(1-2*B64) -> 1.25 | D64: =TEXT(ROUND(E64,3),"#")&"_"&TEXT(B64,"0,##") -> 9_0,1 | E64: 9 | F64: 5.9705 | G64: 9.684 | H64: 4.6705 | I64: =G64/E64 -> 1.076 | J64: =F64*E64 -> 53.7345 | K64: =H64*G64 -> 45.229122 | L64: =J64-K64 -> 8.505378 | M64: =K64/J64 -> 0.84171476 | N64: 2
... B75: 0.1 | C75: =1/(1-2*B75) -> 1.25 | D75: =TEXT(ROUND(E75,3),"#")&"_"&TEXT(B75,"0,##") -> 24_0,1 | E75: 24.01 | F75: 6.1313 | G75: 28.871 | H75: 4.7617 | I75: =G75/E75 -> 1.2024573 | J75: =F75*E75 -> 147.21251 | K75: =H75*G75 -> 137.47504 | L75: =J75-K75 -> 9.7374723 | M75: =K75/J75 -> 0.93385432 | N75: 6
B77: 0.2 | C77: =1/(1-2*B77) -> 1.6666667 | D77: =TEXT(ROUND(E77,3),"#,#")&"_"&TEXT(B77,"0,##") -> 3,3_0,2 | E77: 3.3011 | F77: 0.210621 | G77: 4.6295 | H77: 0.11538 | I77: =G77/E77 -> 1.4024113 | J77: =F77*E77 -> 0.69528098 | K77: =H77*G77 -> 0.53415171 | L77: =J77-K77 -> 0.16112927 | M77: =K77/J77 -> 0.76825301 | N77: 40
B78: 0.2 | C78: =1/(1-2*B78) -> 1.6666667 | D78: =TEXT(ROUND(E78,3),"#,#")&"_"&TEXT(B78,"0,##") -> 3,3_0,2 | E78: 3.30248 | F78: 0.39638 | G78: 4.4961 | H78: 0.224 | I78: =G78/E78 -> 1.3614314 | J78: =F78*E78 -> 1.309037 | K78: =H78*G78 -> 1.0071264 | L78: =J78-K78 -> 0.30191062 | M78: =K78/J78 -> 0.76936434 | N78: 20
B79: 0.2 | C79: =1/(1-2*B79) -> 1.6666667 | D79: =TEXT(ROUND(E79,3),"#,#")&"_"&TEXT(B79,"0,##") -> 3,3_0,2 | E79: 3.3009 | F79: 0.75036 | G79: 4.3485 | H79: 0.43154 | I79: =G79/E79 -> 1.317368 | J79: =F79*E79 -> 2.4768633 | K79: =H79*G79 -> 1.8765517 | L79: =J79-K79 -> 0.60031163 | M79: =K79/J79 -> 0.75763231 | N79: 10
B80: 0.2 | C80: =1/(1-2*B80) -> 1.6666667 | D80: =TEXT(ROUND(E80,3),"#,#")&"_"&TEXT(B80,"0,##") -> 3,3_0,2 | E80: 3.3029 | F80: 1.40782 | G80: 4.1622 | H80: 0.8174 | I80: =G80/E80 -> 1.2601653 | J80: =F80*E80 -> 4.6498887 | K80: =H80*G80 -> 3.4021823 | L80: =J80-K80 -> 1.2477064 | M80: =K80/J80 -> 0.73166962 | N80: 5
B81: 0.2 | C81: =1/(1-2*B81) -> 1.6666667 | D81: =TEXT(ROUND(E81,3),"#,#")&"_"&TEXT(B81,"0,##") -> 3,3_0,2 | E81: 3.3048 | F81: 2.60152 | G81: 3.8998 | H81: 1.51815 | I81: =G81/E81 -> 1.1800412 | J81: =F81*E81 -> 8.5975033 | K81: =H81*G81 -> 5.9204814 | L81: =J81-K81 -> 2.6770219 | M81: =K81/J81 -> 0.68862798 | N81: 2.5
B82: 0.2 | C82: =1/(1-2*B82) -> 1.6666667 | D82: =TEXT(ROUND(E82,3),"#,#")&"_"&TEXT(B82,"0,##") -> 3,3_0,2 | E82: 3.3034 | F82: 5.3931 | G82: 3.3964 | H82: 3.164 | I82: =G82/E82 -> 1.0281528 | J82: =F82*E82 -> 17.815567 | K82: =H82*G82 -> 10.74621 | L82: =J82-K82 -> 7.0693569 | M82: =K82/J82 -> 0.60319213 | N82: 1
B84: 0.2 | C84: =1/(1-2*B84) -> 1.6666667 | D84: =TEXT(ROUND(E84,3),"#")&"_"&TEXT(B84,"0,##") -> 5_0,2 | E84: 5.0097 | F84: 0.30273 | G84: 7.5285 | H84: 0.1661 | I84: =G84/E84 -> 1.5027846 | J84: =F84*E84 -> 1.5165865 | K84: =H84*G84 -> 1.2504838 | L84: =J84-K84 -> 0.26610263 | M84: =K84/J84 -> 0.82453844 | N84: 45
B85: 0.2 | C85: =1/(1-2*B85) -> 1.6666667 | D85: =TEXT(ROUND(E85,3),"#")&"_"&TEXT(B85,"0,##") -> 5_0,2 | E85: 5.0087 | F85: 0.64398 | G85: 7.3334 | H85: 0.36559 | I85: =G85/E85 -> 1.4641324 | J85: =F85*E85 -> 3.2255026 | K85: =H85*G85 -> 2.6810177 | L85: =J85-K85 -> 0.54448492 | M85: =K85/J85 -> 0.83119378 | N85: 20
B86: 0.2 | C86: =1/(1-2*B86) -> 1.6666667 | D86: =TEXT(ROUND(E86,3),"#")&"_"&TEXT(B86,"0,##") -> 5_0,2 | E86: 5.0066 | F86: 1.2276 | G86: 7.1365 | H86: 0.70732 | I86: =G86/E86 -> 1.4254184 | J86: =F86*E86 -> 6.1461022 | K86: =H86*G86 -> 5.0477892 | L86: =J86-K86 -> 1.098313 | M86: =K86/J86 -> 0.82129926 | N86: 10
B87: 0.2 | C87: =1/(1-2*B87) -> 1.6666667 | D87: =TEXT(ROUND(E87,3),"#")&"_"&TEXT(B87,"0,##") -> 5_0,2 | E87: 5.00351 | F87: 2.32897 | G87: 6.8683 | H87: 1.352 | I87: =G87/E87 -> 1.3726964 | J87: =F87*E87 -> 11.653025 | K87: =H87*G87 -> 9.2859416 | L87: =J87-K87 -> 2.3670831 | M87: =K87/J87 -> 0.79686964 | N87: 5
B88: 0.2 | C88: =1/(1-2*B88) -> 1.6666667 | D88: =TEXT(ROUND(E88,3),"#")&"_"&TEXT(B88,"0,##") -> 5_0,2 | E88: 5.00395 | F88: 5.2377 | G88: 6.335 | H88: 3.0544 | I88: =G88/E88 -> 1.2659999 | J88: =F88*E88 -> 26.209189 | K88: =H88*G88 -> 19.349624 | L88: =J88-K88 -> 6.8595649 | M88: =K88/J88 -> 0.73827634 | N88: 2
B90: 0.2 | C90: =1/(1-2*B90) -> 1.6666667 | D90: =TEXT(ROUND(E90,3),"#")&"_"&TEXT(B90,"0,##") -> 9_0,2 | E90: 9.0017 | F90: 0.57247 | G90: 14.3011 | H90: 0.31711 | I90: =G90/E90 -> 1.588711 | J90: =F90*E90 -> 5.1532032 | K90: =H90*G90 -> 4.5350218 | L90: =J90-K90 -> 0.61818138 | M90: =K90/J90 -> 0.88003939 | N90: 45
B91: 0.2 | C91: =1/(1-2*B91) -> 1.6666667 | D91: =TEXT(ROUND(E91,3),"#")&"_"&TEXT(B91,"0,##") -> 9_0,2 | E91: 9.0025 | F91: 1.2287 | G91: 14.031 | H91: 0.69983 | I91: =G91/E91 -> 1.5585671 | J91: =F91*E91 -> 11.061372 | K91: =H91*G91 -> 9.8193147 | L91: =J91-K91 -> 1.242057 | M91: =K91/J91 -> 0.88771221 | N91: 20
B92: 0.2 | C92: =1/(1-2*B92) -> 1.6666667 | D92: =TEXT(ROUND(E92,3),"#")&"_"&TEXT(B92,"0,##") -> 9_0,2 | E92: 9.0036 | F92: 2.3687 | G92: 13.727 | H92: 1.365 | I92: =G92/E92 -> 1.5246124 | J92: =F92*E92 -> 21.326827 | K92: =H92*G92 -> 18.737355 | L92: =J92-K92 -> 2.5894723 | M92: =K92/J92 -> 0.87858146 | N92: 10
B93: 0.2 | C93: =1/(1-2*B93) -> 1.6666667 | D93: =TEXT(ROUND(E93,3),"#")&"_"&TEXT(B93,"0,##") -> 9_0,2 | E93: 9.0058 | F93: 4.5231 | G93: 13.2908 | H93: 2.6256 | I93: =G93/E93 -> 1.4758045 | J93: =F93*E93 -> 40.734134 | K93: =H93*G93 -> 34.896324 | L93: =J93-K93 -> 5.8378095 | M93: =K93/J93 -> 0.85668507 | N93: 5
B94: 0.2 | C94: =1/(1-2*B94) -> 1.6666667 | D94: =TEXT(ROUND(E94,3),"#")&"_"&TEXT(B94,"0,##") -> 9_0,2 | E94: 9.0015 | F94: 6.1317 | G94: 13.082 | H94: 3.55574 | I94: =G94/E94 -> 1.4533133 | J94: =F94*E94 -> 55.194498 | K94: =H94*G94 -> 46.516191 | L94: =J94-K94 -> 8.6783069 | M94: =K94/J94 -> 0.84276862 | N94: 3.6
B96: 0.2 | C96: =1/(1-2*B96) -> 1.6666667 | D96: =TEXT(ROUND(E96,3),"#")&"_"&TEXT(B96,"0,##") -> 12_0,2 | E96: 12.028 | F96: 0.73222 | G96: 19.5 | H96: 0.40563 | I96: =G96/E96 -> 1.6212172 | J96: =F96*E96 -> 8.8071422 | K96: =H96*G96 -> 7.909785 | L96: =J96-K96 -> 0.89735716 | M96: =K96/J96 -> 0.89811029 | N96: 48
B97: 0.2 | C97: =1/(1-2*B97) -> 1.6666667 | D97: =TEXT(ROUND(E97,3),"#")&"_"&TEXT(B97,"0,##") -> 12_0,2 | E97: 12.0086 | F97: 1.4065 | G97: 19.185 | H97: 0.79822 | I97: =G97/E97 -> 1.597605 | J97: =F97*E97 -> 16.890096 | K97: =H97*G97 -> 15.313851 | L97: =J97-K97 -> 1.5762452 | M97: =K97/J97 -> 0.90667636 | N97: 24
... B103: 0.2 | C103: =1/(1-2*B103) -> 1.6666667 | D103: =TEXT(ROUND(E103,3),"#")&"_"&TEXT(B103,"0,##") -> 24_0,2 | E103: 24.006 | F103: 6.1676 | G103: 38.891 | H103: 3.5316 | I103: =G103/E103 -> 1.6200533 | J103: =F103*E103 -> 148.05941 | K103: =H103*G103 -> 137.34746 | L103: =J103-K103 -> 10.71195 | M103: =K103/J103 -> 0.927651 | N103: 11
B105: 0.25 | C105: =1/(1-2*B105) -> 2 | D105: =TEXT(ROUND(E105,3),"#,#")&"_"&TEXT(B105,"0,##") -> 3,3_0,25 | E105: 3.30237 | F105: 0.27623 | G105: 5.6356 | H105: 0.12417 | I105: =G105/E105 -> 1.706532 | J105: =F105*E105 -> 0.91221367 | K105: =H105*G105 -> 0.69977245 | L105: =J105-K105 -> 0.21244121 | M105: =K105/J105 -> 0.76711463 | N105: 45
B106: 0.25 | C106: =1/(1-2*B106) -> 2 | D106: =TEXT(ROUND(E106,3),"#,#")&"_"&TEXT(B106,"0,##") -> 3,3_0,25 | E106: 3.3019 | F106: 0.57576 | G106: 5.43 | H106: 0.26949 | I106: =G106/E106 -> 1.6445077 | J106: =F106*E106 -> 1.9011019 | K106: =H106*G106 -> 1.4633307 | L106: =J106-K106 -> 0.43777124 | M106: =K106/J106 -> 0.76972763 | N106: 20
B107: 0.25 | C107: =1/(1-2*B107) -> 2 | D107: =TEXT(ROUND(E107,3),"#,#")&"_"&TEXT(B107,"0,##") -> 3,3_0,25 | E107: 3.3034 | F107: 1.08753 | G107: 5.2235 | H107: 0.51818 | I107: =G107/E107 -> 1.5812496 | J107: =F107*E107 -> 3.5925466 | K107: =H107*G107 -> 2.7067132 | L107: =J107-K107 -> 0.88583337 | M107: =K107/J107 -> 0.75342467 | N107: 10
B108: 0.25 | C108: =1/(1-2*B108) -> 2 | D108: =TEXT(ROUND(E108,3),"#,#")&"_"&TEXT(B108,"0,##") -> 3,3_0,25 | E108: 3.30596 | F108: 2.0256 | G108: 4.9425 | H108: 0.97423 | I108: =G108/E108 -> 1.4950272 | J108: =F108*E108 -> 6.6965526 | K108: =H108*G108 -> 4.8151318 | L108: =J108-K108 -> 1.8814208 | M108: =K108/J108 -> 0.71904636 | N108: 5
B109: 0.25 | C109: =1/(1-2*B109) -> 2 | D109: =TEXT(ROUND(E109,3),"#,#")&"_"&TEXT(B109,"0,##") -> 3,3_0,25 | E109: 3.3019 | F109: 3.643 | G109: 4.5219 | H109: 1.7615 | I109: =G109/E109 -> 1.3694842 | J109: =F109*E109 -> 12.028822 | K109: =H109*G109 -> 7.9653268 | L109: =J109-K109 -> 4.0634948 | M109: =K109/J109 -> 0.66218679 | N109: 2.5
B110: 0.25 | C110: =1/(1-2*B110) -> 2 | D110: =TEXT(ROUND(E110,3),"#,#")&"_"&TEXT(B110,"0,##") -> 3,3_0,25 | E110: 3.306 | F110: 5.989 | G110: 4.132 | H110: 2.909 | I110: =G110/E110 -> 1.2498488 | J110: =F110*E110 -> 19.799634 | K110: =H110*G110 -> 12.019988 | L110: =J110-K110 -> 7.779646 | M110: =K110/J110 -> 0.60708132 | N110: 1.35
B112: 0.25 | C112: =1/(1-2*B112) -> 2 | D112: =TEXT(ROUND(E112,3),"#")&"_"&TEXT(B112,"0,##") -> 5_0,25 | E112: 5.0127 | F112: 0.41935 | G112: 9.1053 | H112: 0.18951 | I112: =G112/E112 -> 1.8164462 | J112: =F112*E112 -> 2.1020757 | K112: =H112*G112 -> 1.7255454 | L112: =J112-K112 -> 0.37653034 | M112: =K112/J112 -> 0.82087689 | N112: 48
B113: 0.25 | C113: =1/(1-2*B113) -> 2 | D113: =TEXT(ROUND(E113,3),"#")&"_"&TEXT(B113,"0,##") -> 5_0,25 | E113: 5.0058 | F113: 0.78856 | G113: 8.878 | H113: 0.36838 | I113: =G113/E113 -> 1.7735427 | J113: =F113*E113 -> 3.9473736 | K113: =H113*G113 -> 3.2704776 | L113: =J113-K113 -> 0.67689601 | M113: =K113/J113 -> 0.82851991 | N113: 24
B114: 0.25 | C114: =1/(1-2*B114) -> 2 | D114: =TEXT(ROUND(E114,3),"#")&"_"&TEXT(B114,"0,##") -> 5_0,25 | E114: 5.007 | F114: 1.5008 | G114: 8.6202 | H114: 0.71362 | I114: =G114/E114 -> 1.7216297 | J114: =F114*E114 -> 7.5145056 | K114: =H114*G114 -> 6.1515471 | L114: =J114-K114 -> 1.3629585 | M114: =K114/J114 -> 0.818623 | N114: 12
B115: 0.25 | C115: =1/(1-2*B115) -> 2 | D115: =TEXT(ROUND(E115,3),"#")&"_"&TEXT(B115,"0,##") -> 5_0,25 | E115: 5.0129 | F115: 2.8302 | G115: 8.2465 | H115: 1.3581 | I115: =G115/E115 -> 1.6450558 | J115: =F115*E115 -> 14.18751 | K115: =H115*G115 -> 11.199572 | L115: =J115-K115 -> 2.9879379 | M115: =K115/J115 -> 0.78939659 | N115: 6
B116: 0.25 | C116: =1/(1-2*B116) -> 2 | D116: =TEXT(ROUND(E116,3),"#")&"_"&TEXT(B116,"0,##") -> 5_0,25 | E116: 5.0004 | F116: 5.2156 | G116: 7.711 | H116: 2.5135 | I116: =G116/E116 -> 1.5420766 | J116: =F116*E116 -> 26.080086 | K116: =H116*G116 -> 19.381599 | L116: =J116-K116 -> 6.6984877 | M116: =K116/J116 -> 0.74315699 | N116: 3
B118: 0.25 | C118: =1/(1-2*B118) -> 2 | D118: =TEXT(ROUND(E118,3),"#")&"_"&TEXT(B118,"0,##") -> 9_0,25 | E118: 9.0048 | F118: 0.75636 | G118: 17.248 | H118: 0.34407 | I118: =G118/E118 -> 1.9154229 | J118: =F118*E118 -> 6.8108705 | K118: =H118*G118 -> 5.9345194 | L118: =J118-K118 -> 0.87635117 | M118: =K118/J118 -> 0.87133052 | N118: 50
B119: 0.25 | C119: =1/(1-2*B119) -> 2 | D119: =TEXT(ROUND(E119,3),"#")&"_"&TEXT(B119,"0,##") -> 9_0,25 | E119: 9.0042 | F119: 1.44578 | G119: 16.942 | H119: 0.67684 | I119: =G119/E119 -> 1.8815664 | J119: =F119*E119 -> 13.018092 | K119: =H119*G119 -> 11.467023 | L119: =J119-K119 -> 1.551069 | M119: =K119/J119 -> 0.88085282 | N119: 25
B120: 0.25 | C120: =1/(1-2*B120) -> 2 | D120: =TEXT(ROUND(E120,3),"#")&"_"&TEXT(B120,"0,##") -> 9_0,25 | E120: 9.0052 | F120: 2.774 | G120: 16.547 | H120: 1.31778 | I120: =G120/E120 -> 1.8374939 | J120: =F120*E120 -> 24.980425 | K120: =H120*G120 -> 21.805306 | L120: =J120-K120 -> 3.1751191 | M120: =K120/J120 -> 0.87289571 | N120: 12.5
B121: 0.25 | C121: =1/(1-2*B121) -> 2 | D121: =TEXT(ROUND(E121,3),"#")&"_"&TEXT(B121,"0,##") -> 9_0,25 | E121: 9.0477 | F121: 6.0053 | G121: 15.9899 | H121: 2.87277 | I121: =G121/E121 -> 1.7672889 | J121: =F121*E121 -> 54.334153 | K121: =H121*G121 -> 45.935305 | L121: =J121-K121 -> 8.3988478 | M121: =K121/J121 -> 0.84542231 | N121: 5.5
B123: 0.25 | C123: =1/(1-2*B123) -> 2 | D123: =TEXT(ROUND(E123,3),"#")&"_"&TEXT(B123,"0,##") -> 12_0,25 | E123: 12.0086 | F123: 1.02704 | G123: 23.441 | H123: 0.46844 | I123: =G123/E123 -> 1.9520177 | J123: =F123*E123 -> 12.333313 | K123: =H123*G123 -> 10.980702 | L123: =J123-K123 -> 1.3526105 | M123: =K123/J123 -> 0.89032869 | N123: 50
B124: 0.25 | C124: =1/(1-2*B124) -> 2 | D124: =TEXT(ROUND(E124,3),"#")&"_"&TEXT(B124,"0,##") -> 12_0,25 | E124: 12.0152 | F124: 1.9688 | G124: 23.068 | H124: 0.92123 | I124: =G124/E124 -> 1.9199015 | J124: =F124*E124 -> 23.655526 | K124: =H124*G124 -> 21.250934 | L124: =J124-K124 -> 2.4045921 | M124: =K124/J124 -> 0.89834966 | N124: 25
B125: 0.25 | C125: =1/(1-2*B125) -> 2 | D125: =TEXT(ROUND(E125,3),"#")&"_"&TEXT(B125,"0,##") -> 12_0,25 | E125: 12.043 | F125: 3.794 | G125: 22.586 | H125: 1.7985 | I125: =G125/E125 -> 1.8754463 | J125: =F125*E125 -> 45.691142 | K125: =H125*G125 -> 40.620921 | L125: =J125-K125 -> 5.070221 | M125: =K125/J125 -> 0.88903274 | N125: 12.5
... B131: 0.25 | C131: =1/(1-2*B131) -> 2 | D131: =TEXT(ROUND(E131,3),"#")&"_"&TEXT(B131,"0,##") -> 24_0,25 | E131: 24.013 | F131: 6.0651 | G131: 47.14 | H131: 2.849 | I131: =G131/E131 -> 1.9631033 | J131: =F131*E131 -> 145.64125 | K131: =H131*G131 -> 134.30186 | L131: =J131-K131 -> 11.339386 | M131: =K131/J131 -> 0.92214166 | N131: 16.5
B133: =1/3 -> 0.33333333 | C133: =1/(1-2*B133) -> 3 | D133: =TEXT(ROUND(E133,3),"#,#")&"_"&TEXT(B133,"0,##") -> 3,3_0,33 | E133: 3.3075 | F133: 0.4162 | G133: 8.7957 | H133: 0.11682 | I133: =G133/E133 -> 2.6593197 | J133: =F133*E133 -> 1.3765815 | K133: =H133*G133 -> 1.0275137 | L133: =J133-K133 -> 0.34906783 | M133: =K133/J133 -> 0.74642415 | N133: 75
B134: =1/3 -> 0.33333333 | C134: =1/(1-2*B134) -> 3 | D134: =TEXT(ROUND(E134,3),"#,#")&"_"&TEXT(B134,"0,##") -> 3,3_0,33 | E134: 3.3007 | F134: 0.5268 | G134: 8.594 | H134: 0.1527 | I134: =G134/E134 -> 2.6036901 | J134: =F134*E134 -> 1.7388088 | K134: =H134*G134 -> 1.3123038 | L134: =J134-K134 -> 0.42650496 | M134: =K134/J134 -> 0.75471428 | N134: 56
B135: =1/3 -> 0.33333333 | C135: =1/(1-2*B135) -> 3 | D135: =TEXT(ROUND(E135,3),"#,#")&"_"&TEXT(B135,"0,##") -> 3,3_0,33 | E135: 3.3033 | F135: 0.9738 | G135: 8.2993 | H135: 0.29488 | I135: =G135/E135 -> 2.512427 | J135: =F135*E135 -> 3.2167535 | K135: =H135*G135 -> 2.4472976 | L135: =J135-K135 -> 0.76945596 | M135: =K135/J135 -> 0.76079735 | N135: 28
B136: =1/3 -> 0.33333333 | C136: =1/(1-2*B136) -> 3 | D136: =TEXT(ROUND(E136,3),"#,#")&"_"&TEXT(B136,"0,##") -> 3,3_0,33 | E136: 3.306 | F136: 1.8155 | G136: 7.92 | H136: 0.56259 | I136: =G136/E136 -> 2.3956443 | J136: =F136*E136 -> 6.002043 | K136: =H136*G136 -> 4.4557128 | L136: =J136-K136 -> 1.5463302 | M136: =K136/J136 -> 0.74236602 | N136: 14
B137: =1/3 -> 0.33333333 | C137: =1/(1-2*B137) -> 3 | D137: =TEXT(ROUND(E137,3),"#,#")&"_"&TEXT(B137,"0,##") -> 3,3_0,33 | E137: 3.30225 | F137: 3.3095 | G137: 7.333 | H137: 1.03695 | I137: =G137/E137 -> 2.2206072 | J137: =F137*E137 -> 10.928796 | K137: =H137*G137 -> 7.6039544 | L137: =J137-K137 -> 3.324842 | M137: =K137/J137 -> 0.69577235 | N137: 7
B138: =1/3 -> 0.33333333 | C138: =1/(1-2*B138) -> 3 | D138: =TEXT(ROUND(E138,3),"#,#")&"_"&TEXT(B138,"0,##") -> 3,3_0,33 | E138: 3.3 | F138: 6.013 | G138: 6.42 | H138: 1.8997 | I138: =G138/E138 -> 1.9454545 | J138: =F138*E138 -> 19.8429 | K138: =H138*G138 -> 12.196074 | L138: =J138-K138 -> 7.646826 | M138: =K138/J138 -> 0.61463163 | N138: 3.3
B140: =1/3 -> 0.33333333 | C140: =1/(1-2*B140) -> 3 | D140: =TEXT(ROUND(E140,3),"#")&"_"&TEXT(B140,"0,##") -> 5_0,33 | E140: 5.0095 | F140: 0.65885 | G140: 14.0648 | H140: 0.18722 | I140: =G140/E140 -> 2.8076255 | J140: =F140*E140 -> 3.3005091 | K140: =H140*G140 -> 2.6332119 | L140: =J140-K140 -> 0.66729722 | M140: =K140/J140 -> 0.79781991 | N140: 75
B141: =1/3 -> 0.33333333 | C141: =1/(1-2*B141) -> 3 | D141: =TEXT(ROUND(E141,3),"#")&"_"&TEXT(B141,"0,##") -> 5_0,33 | E141: 5.0073 | F141: 0.9692 | G141: 13.7457 | H141: 0.28608 | I141: =G141/E141 -> 2.7451321 | J141: =F141*E141 -> 4.8530752 | K141: =H141*G141 -> 3.9323699 | L141: =J141-K141 -> 0.9207053 | M141: =K141/J141 -> 0.81028414 | N141: 48
B142: =1/3 -> 0.33333333 | C142: =1/(1-2*B142) -> 3 | D142: =TEXT(ROUND(E142,3),"#")&"_"&TEXT(B142,"0,##") -> 5_0,33 | E142: 5.01 | F142: 1.81476 | G142: 13.3185 | H142: 0.5538 | I142: =G142/E142 -> 2.6583832 | J142: =F142*E142 -> 9.0919476 | K142: =H142*G142 -> 7.3757853 | L142: =J142-K142 -> 1.7161623 | M142: =K142/J142 -> 0.81124371 | N142: 24
B143: =1/3 -> 0.33333333 | C143: =1/(1-2*B143) -> 3 | D143: =TEXT(ROUND(E143,3),"#")&"_"&TEXT(B143,"0,##") -> 5_0,33 | E143: 5.00614 | F143: 3.3983 | G143: 12.7 | H143: 1.05338 | I143: =G143/E143 -> 2.5368847 | J143: =F143*E143 -> 17.012366 | K143: =H143*G143 -> 13.377926 | L143: =J143-K143 -> 3.6344396 | M143: =K143/J143 -> 0.78636483 | N143: 12
B144: =1/3 -> 0.33333333 | C144: =1/(1-2*B144) -> 3 | D144: =TEXT(ROUND(E144,3),"#")&"_"&TEXT(B144,"0,##") -> 5_0,33 | E144: 5.0335 | F144: 6.065 | G144: 11.904 | H144: 1.8965 | I144: =G144/E144 -> 2.3649548 | J144: =F144*E144 -> 30.528178 | K144: =H144*G144 -> 22.575936 | L144: =J144-K144 -> 7.9522415 | M144: =K144/J144 -> 0.73951142 | N144: 6.2
B146: =1/3 -> 0.33333333 | C146: =1/(1-2*B146) -> 3 | D146: =TEXT(ROUND(E146,3),"#")&"_"&TEXT(B146,"0,##") -> 9_0,33 | E146: 9.0084 | F146: 1.2592 | G146: 26.453 | H146: 0.36233 | I146: =G146/E146 -> 2.9364815 | J146: =F146*E146 -> 11.343377 | K146: =H146*G146 -> 9.5847155 | L146: =J146-K146 -> 1.7586618 | M146: =K146/J146 -> 0.84496136 | N146: 73
B147: =1/3 -> 0.33333333 | C147: =1/(1-2*B147) -> 3 | D147: =TEXT(ROUND(E147,3),"#")&"_"&TEXT(B147,"0,##") -> 9_0,33 | E147: 9.0027 | F147: 1.7028 | G147: 26.11 | H147: 0.50176 | I147: =G147/E147 -> 2.900241 | J147: =F147*E147 -> 15.329798 | K147: =H147*G147 -> 13.100954 | L147: =J147-K147 -> 2.228844 | M147: =K147/J147 -> 0.85460708 | N147: 52
B148: =1/3 -> 0.33333333 | C148: =1/(1-2*B148) -> 3 | D148: =TEXT(ROUND(E148,3),"#")&"_"&TEXT(B148,"0,##") -> 9_0,33 | E148: 9.0064 | F148: 3.2339 | G148: 25.514 | H148: 0.97948 | I148: =G148/E148 -> 2.8328744 | J148: =F148*E148 -> 29.125797 | K148: =H148*G148 -> 24.990453 | L148: =J148-K148 -> 4.1353442 | M148: =K148/J148 -> 0.85801782 | N148: 26
B149: =1/3 -> 0.33333333 | C149: =1/(1-2*B149) -> 3 | D149: =TEXT(ROUND(E149,3),"#")&"_"&TEXT(B149,"0,##") -> 9_0,33 | E149: 9.0127 | F149: 6.1102 | G149: 24.52 | H149: 1.8805 | I149: =G149/E149 -> 2.7206054 | J149: =F149*E149 -> 55.0694 | K149: =H149*G149 -> 46.10986 | L149: =J149-K149 -> 8.9595395 | M149: =K149/J149 -> 0.83730457 | N149: 13
B151: =1/3 -> 0.33333333 | C151: =1/(1-2*B151) -> 3 | D151: =TEXT(ROUND(E151,3),"#")&"_"&TEXT(B151,"0,##") -> 12_0,33 | E151: 12.006 | F151: 1.70232 | G151: 35.827 | H151: 0.49064 | I151: =G151/E151 -> 2.9840913 | J151: =F151*E151 -> 20.438054 | K151: =H151*G151 -> 17.578159 | L151: =J151-K151 -> 2.8598946 | M151: =K151/J151 -> 0.86007011 | N151: 73
B152: =1/3 -> 0.33333333 | C152: =1/(1-2*B152) -> 3 | D152: =TEXT(ROUND(E152,3),"#")&"_"&TEXT(B152,"0,##") -> 12_0,33 | E152: 12.022 | F152: 3.1131 | G152: 35.277 | H152: 0.9272 | I152: =G152/E152 -> 2.9343703 | J152: =F152*E152 -> 37.425688 | K152: =H152*G152 -> 32.708834 | L152: =J152-K152 -> 4.7168538 | M152: =K152/J152 -> 0.87396748 | N152: 38
...

Sheet Wirkungsgradkurven
B1: Wirkungsgradkurven
B4: U1 und U2 werden nährungsweise Konstant gehalten, Converter im dcm und ccm Betrieb je nach Last
B5: Thermische EInschwingzeit: 2-5 min | N5: SerienWdst des Kabels ist hier nicht mit erfasst
B6: Ansteuerung | C6: Betriebszustand | D6: Messung | E6: Messwerte | I6: Rechenwerte | N6: Stellwert | O6: Referenz [M_d_Vin_Vout_Pout]
B7: d | C7: M | D7: Name | E7: U1 [V] | F7: I1 [A] | G7: U2 [V] | H7: I2 [A] | I7: U2/U1 | J7: P1 [W] | K7: P2 [W] | L7: Pdiff [W] | M7: P2/P1 | N7: R_L [Ω]
B8: 0.299 | C8: dcm | D8: =TEXT(ROUND(E8,3),"#,#")&"_"&TEXT(G8,"0") -> 3,3_12 | E8: 3.30001 | F8: 0.43375 | G8: 12.06 | H8: 0.08328 | I8: =G8/E8 -> 3.6545344 | J8: =F8*E8 -> 1.4313793 | K8: =H8*G8 -> 1.0043568 | L8: =J8-K8 -> 0.42702254 | M8: =K8/J8 -> 0.7016706 | N8: 144
B9: 0.38 | C9: ccm | D9: =TEXT(ROUND(E9,3),"#,#")&"_"&TEXT(G9,"0") -> 3,3_12 | E9: 3.3001 | F9: 1.0337 | G9: 12.061 | H9: 0.2092 | I9: =G9/E9 -> 3.6547377 | J9: =F9*E9 -> 3.4113134 | K9: =H9*G9 -> 2.5231612 | L9: =J9-K9 -> 0.88815217 | M9: =K9/J9 -> 0.73964509 | N9: 57.6
B10: 0.388 | C10: ccm | D10: =TEXT(ROUND(E10,3),"#,#")&"_"&TEXT(G10,"0") -> 3,3_12 | E10: 3.3012 | F10: 2.09906 | G10: 12.0345 | H10: 0.41532 | I10: =G10/E10 -> 3.6454925 | J10: =F10*E10 -> 6.9294169 | K10: =H10*G10 -> 4.9981685 | L10: =J10-K10 -> 1.9312483 | M10: =K10/J10 -> 0.72129714 | N10: 28.8
B11: 0.394 | C11: ccm | D11: =TEXT(ROUND(E11,3),"#,#")&"_"&TEXT(G11,"0") -> 3,3_12 | E11: 3.3022 | F11: 3.299 | G11: 12.045 | H11: 0.62329 | I11: =G11/E11 -> 3.6475683 | J11: =F11*E11 -> 10.893958 | K11: =H11*G11 -> 7.5075281 | L11: =J11-K11 -> 3.3864297 | M11: =K11/J11 -> 0.68914606 | N11: 19.2
B12: 0.398 | C12: ccm | D12: =TEXT(ROUND(E12,3),"#,#")&"_"&TEXT(G12,"0") -> 3,3_12 | E12: 3.2995 | F12: 4.7066 | G12: 12.065 | H12: 0.8308 | I12: =G12/E12 -> 3.6566146 | J12: =F12*E12 -> 15.529427 | K12: =H12*G12 -> 10.023602 | L12: =J12-K12 -> 5.5058247 | M12: =K12/J12 -> 0.6454586 | N12: 14.4
B13: 0.404 | C13: ccm | D13: =TEXT(ROUND(E13,3),"#,#")&"_"&TEXT(G13,"0") -> 3,3_12 | E13: 3.3002 | F13: 5.8208 | G13: 12.073 | H13: 0.99557 | I13: =G13/E13 -> 3.6582631 | J13: =F13*E13 -> 19.209804 | K13: =H13*G13 -> 12.019517 | L13: =J13-K13 -> 7.1902876 | M13: =K13/J13 -> 0.62569699 | N13: 12
B15: 0.272 | C15: dcm | D15: =TEXT(ROUND(E15,3),"#,#")&"_"&TEXT(G15,"0") -> 3,3_24 | E15: 3.3075 | F15: 0.5991 | G15: 24.048 | H15: 0.04808 | I15: =G15/E15 -> 7.2707483 | J15: =F15*E15 -> 1.9815232 | K15: =H15*G15 -> 1.1562278 | L15: =J15-K15 -> 0.82529541 | M15: =K15/J15 -> 0.58350455 | N15: 500 | O15: =C15&"_"&TEXT(B15,"0,####")&"_"&TEXT(ROUND(E15,3),"#,#")&"_"&TEXT(G15,"0")&"_"&TEXT(ROUND(K15,1),"0,##") -> dcm_0,272_3,3_24_1,2
B16: 0.435 | C16: ccm | D16: =TEXT(ROUND(E16,3),"#,#")&"_"&TEXT(G16,"0") -> 3,3_24 | E16: 3.3079 | F16: 1.2416 | G16: 24.016 | H16: 0.1045 | I16: =G16/E16 -> 7.2601953 | J16: =F16*E16 -> 4.1070886 | K16: =H16*G16 -> 2.509672 | L16: =J16-K16 -> 1.5974166 | M16: =K16/J16 -> 0.61105864 | N16: 230
B17: 0.4395 | C17: ccm | D17: =TEXT(ROUND(E17,3),"#,#")&"_"&TEXT(G17,"0") -> 3,3_24 | E17: 3.3068 | F17: 2.3834 | G17: 24.033 | H17: 0.20863 | I17: =G17/E17 -> 7.2677513 | J17: =F17*E17 -> 7.8814271 | K17: =H17*G17 -> 5.0140048 | L17: =J17-K17 -> 2.8674223 | M17: =K17/J17 -> 0.63617981 | N17: 115
B18: 0.4423 | C18: ccm | D18: =TEXT(ROUND(E18,3),"#,#")&"_"&TEXT(G18,"0") -> 3,3_24 | E18: 3.3009 | F18: 3.6325 | G18: 24.09 | H18: 0.3125 | I18: =G18/E18 -> 7.2980096 | J18: =F18*E18 -> 11.990519 | K18: =H18*G18 -> 7.528125 | L18: =J18-K18 -> 4.4623942 | M18: =K18/J18 -> 0.62783978 | N18: 76 | O18: =C18&"_"&TEXT(B18,"0,####")&"_"&TEXT(ROUND(E18,3),"#,#")&"_"&TEXT(G18,"0")&"_"&TEXT(ROUND(K18,1),"0,##") -> ccm_0,4423_3,3_24_7,5
B19: 0.4453 | C19: ccm | D19: =TEXT(ROUND(E19,3),"#,#")&"_"&TEXT(G19,"0") -> 3,3_24 | E19: 3.3 | F19: 5.02 | G19: 24.068 | H19: 0.41426 | I19: =G19/E19 -> 7.2933333 | J19: =F19*E19 -> 16.566 | K19: =H19*G19 -> 9.9704097 | L19: =J19-K19 -> 6.5955903 | M19: =K19/J19 -> 0.60185981 | N19: 58
B20: 0.447 | C20: ccm | D20: =TEXT(ROUND(E20,3),"#,#")&"_"&TEXT(G20,"0") -> 3,3_24 | E20: 3.301 | F20: 6.124 | G20: 24.065 | H20: 0.48888 | I20: =G20/E20 -> 7.2902151 | J20: =F20*E20 -> 20.215324 | K20: =H20*G20 -> 11.764897 | L20: =J20-K20 -> 8.4504268 | M20: =K20/J20 -> 0.58197916 | N20: 49 | O20: =C20&"_"&TEXT(B20,"0,####")&"_"&TEXT(ROUND(E20,3),"#,#")&"_"&TEXT(G20,"0")&"_"&TEXT(ROUND(K20,1),"0,##") -> ccm_0,447_3,3_24_11,8
B22: 0.125 | C22: dcm | D22: =TEXT(ROUND(E22,3),"#,#")&"_"&TEXT(G22,"0") -> 5,_12 | E22: 5.004 | F22: 0.122 | G22: 12.05 | H22: 0.0399 | I22: =G22/E22 -> 2.4080735 | J22: =F22*E22 -> 0.610488 | K22: =H22*G22 -> 0.480795 | L22: =J22-K22 -> 0.129693 | M22: =K22/J22 -> 0.78755848 | N22: 300 | O22: =C22&"_"&TEXT(B22,"0,####")&"_"&TEXT(ROUND(E22,3),"#,#")&"_"&TEXT(G22,"0")&"_"&TEXT(ROUND(K22,1),"0,##") -> dcm_0,125_5,_12_0,5
B23: 0.184 | C23: dcm | D23: =TEXT(ROUND(E23,3),"#,#")&"_"&TEXT(G23,"0") -> 5,_12 | E23: 5.0109 | F23: 0.2491 | G23: 12.003 | H23: 0.0831 | I23: =G23/E23 -> 2.3953781 | J23: =F23*E23 -> 1.2482152 | K23: =H23*G23 -> 0.9974493 | L23: =J23-K23 -> 0.25076589 | M23: =K23/J23 -> 0.79910043 | N23: 144
B24: 0.308 | C24: ccm | D24: =TEXT(ROUND(E24,3),"#,#")&"_"&TEXT(G24,"0") -> 5,_12 | E24: 5.0073 | F24: 0.6121 | G24: 12.012 | H24: 0.20699 | I24: =G24/E24 -> 2.3988976 | J24: =F24*E24 -> 3.0649683 | K24: =H24*G24 -> 2.4863639 | L24: =J24-K24 -> 0.57860445 | M24: =K24/J24 -> 0.81122009 | N24: 57.6
B25: 0.313 | C25: ccm | D25: =TEXT(ROUND(E25,3),"#,#")&"_"&TEXT(G25,"0") -> 5,_12 | E25: 5.0129 | F25: 1.2129 | G25: 12.028 | H25: 0.4151 | I25: =G25/E25 -> 2.3994095 | J25: =F25*E25 -> 6.0801464 | K25: =H25*G25 -> 4.9928228 | L25: =J25-K25 -> 1.0873236 | M25: =K25/J25 -> 0.82116819 | N25: 28.8
B26: 0.317 | C26: ccm | D26: =TEXT(ROUND(E26,3),"#,#")&"_"&TEXT(G26,"0") -> 5,_12 | E26: 5.006 | F26: 1.8381 | G26: 12.0315 | H26: 0.62334 | I26: =G26/E26 -> 2.4034159 | J26: =F26*E26 -> 9.2015286 | K26: =H26*G26 -> 7.4997152 | L26: =J26-K26 -> 1.7018134 | M26: =K26/J26 -> 0.81505101 | N26: 19.2
B27: 0.32 | C27: ccm | D27: =TEXT(ROUND(E27,3),"#,#")&"_"&TEXT(G27,"0") -> 5,_12 | E27: 5.00978 | F27: 2.4703 | G27: 12.034 | H27: 0.82858 | I27: =G27/E27 -> 2.4021015 | J27: =F27*E27 -> 12.37566 | K27: =H27*G27 -> 9.9711317 | L27: =J27-K27 -> 2.4045278 | M27: =K27/J27 -> 0.80570508 | N27: 14.4
B28: 0.335 | C28: ccm | D28: =TEXT(ROUND(E28,3),"#,#")&"_"&TEXT(G28,"0") -> 5,_12 | E28: 5.0038 | F28: 5.811 | G28: 12.06 | H28: 1.7957 | I28: =G28/E28 -> 2.4101683 | J28: =F28*E28 -> 29.077082 | K28: =H28*G28 -> 21.656142 | L28: =J28-K28 -> 7.4209398 | M28: =K28/J28 -> 0.74478389 | N28: 6.6
B30: 0.178 | C30: dcm | D30: =TEXT(ROUND(E30,3),"#,#")&"_"&TEXT(G30,"0") -> 5,_24 | E30: 5.009 | F30: 0.319 | G30: 24 | H30: 0.0477 | I30: =G30/E30 -> 4.7913755 | J30: =F30*E30 -> 1.597871 | K30: =H30*G30 -> 1.1448 | L30: =J30-K30 -> 0.453071 | M30: =K30/J30 -> 0.71645333 | N30: 500 | O30: =C30&"_"&TEXT(B30,"0,####")&"_"&TEXT(ROUND(E30,3),"#,#")&"_"&TEXT(G30,"0")&"_"&TEXT(ROUND(K30,1),"0,##") -> dcm_0,178_5,_24_1,1
B31: 0.288 | C31: dcm | D31: =TEXT(ROUND(E31,3),"#,#")&"_"&TEXT(G31,"0") -> 5,_24 | E31: 5.0123 | F31: 0.62 | G31: 24.03 | H31: 0.096 | I31: =G31/E31 -> 4.7942063 | J31: =F31*E31 -> 3.107626 | K31: =H31*G31 -> 2.30688 | L31: =J31-K31 -> 0.800746 | M31: =K31/J31 -> 0.74232871 | N31: 230
B32: 0.401 | C32: ccm | D32: =TEXT(ROUND(E32,3),"#,#")&"_"&TEXT(G32,"0") -> 5,_24 | E32: 5.0049 | F32: 1.35288 | G32: 24.082 | H32: 0.2092 | I32: =G32/E32 -> 4.8116845 | J32: =F32*E32 -> 6.7710291 | K32: =H32*G32 -> 5.0379544 | L32: =J32-K32 -> 1.7330747 | M32: =K32/J32 -> 0.7440456 | N32: 115 | O32: =C32&"_"&TEXT(B32,"0,####")&"_"&TEXT(ROUND(E32,3),"#,#")&"_"&TEXT(G32,"0")&"_"&TEXT(ROUND(K32,1),"0,#") -> ccm_0,401_5,_24_5,
B33: 0.4032 | C33: ccm | D33: =TEXT(ROUND(E33,3),"#,#")&"_"&TEXT(G33,"0") -> 5,_24 | E33: 5.0058 | F33: 2 | G33: 24.019 | H33: 0.3156 | I33: =G33/E33 -> 4.798234 | J33: =F33*E33 -> 10.0116 | K33: =H33*G33 -> 7.5803964 | L33: =J33-K33 -> 2.4312036 | M33: =K33/J33 -> 0.75716133 | N33: 76
B34: 0.4051 | C34: ccm | D34: =TEXT(ROUND(E34,3),"#,#")&"_"&TEXT(G34,"0") -> 5,_24 | E34: 5.0063 | F34: 2.6238 | G34: 24.029 | H34: 0.4138 | I34: =G34/E34 -> 4.7997523 | J34: =F34*E34 -> 13.13553 | K34: =H34*G34 -> 9.9432002 | L34: =J34-K34 -> 3.1923297 | M34: =K34/J34 -> 0.75696986 | N34: 58
B35: 0.4115 | C35: ccm | D35: =TEXT(ROUND(E35,3),"#,#")&"_"&TEXT(G35,"0") -> 5,_24 | E35: 5.0055 | F35: 5.504 | G35: 24.068 | H35: 0.8288 | I35: =G35/E35 -> 4.8083109 | J35: =F35*E35 -> 27.550272 | K35: =H35*G35 -> 19.947558 | L35: =J35-K35 -> 7.6027136 | M35: =K35/J35 -> 0.72404216 | N35: 29
B37: 0.2291 | C37: dcm | D37: =TEXT(ROUND(E37,3),"#,#")&"_"&TEXT(G37,"0") -> 5,_48 | E37: 5.0042 | F37: 0.8143 | G37: 48.034 | H37: 0.048323 | I37: =G37/E37 -> 9.5987371 | J37: =F37*E37 -> 4.0749201 | K37: =H37*G37 -> 2.321147 | L37: =J37-K37 -> 1.7537731 | M37: =K37/J37 -> 0.5696178 | N37: 1000 | O37: =C37&"_"&TEXT(B37,"0,####")&"_"&TEXT(ROUND(E37,3),"#,#")&"_"&TEXT(G37,"0")&"_"&TEXT(ROUND(K37,1),"0,#") -> dcm_0,2291_5,_48_2,3 | P37: passiver wdst
B38: 0.3711 | C38: dcm | D38: =TEXT(ROUND(E38,3),"#,#")&"_"&TEXT(G38,"0") -> 5,_48 | E38: 5.004 | F38: 1.778 | G38: 48.02 | H38: 0.10397 | I38: =G38/E38 -> 9.5963229 | J38: =F38*E38 -> 8.897112 | K38: =H38*G38 -> 4.9926394 | L38: =J38-K38 -> 3.9044726 | M38: =K38/J38 -> 0.56115281 | N38: 460
B39: 0.4453 | C39: ccm | D39: =TEXT(ROUND(E39,3),"#,#")&"_"&TEXT(G39,"0") -> 5,_48 | E39: 5.0097 | F39: 2.4888 | G39: 48.062 | H39: 0.15589 | I39: =G39/E39 -> 9.5937881 | J39: =F39*E39 -> 12.468141 | K39: =H39*G39 -> 7.4923852 | L39: =J39-K39 -> 4.9757562 | M39: =K39/J39 -> 0.60092238 | N39: 307
B40: 0.447 | C40: ccm | D40: =TEXT(ROUND(E40,3),"#,#")&"_"&TEXT(G40,"0") -> 5,_48 | E40: 5.003 | F40: 3.2254 | G40: 48.057 | H40: 0.20777 | I40: =G40/E40 -> 9.6056366 | J40: =F40*E40 -> 16.136676 | K40: =H40*G40 -> 9.9848029 | L40: =J40-K40 -> 6.1518733 | M40: =K40/J40 -> 0.61876453 | N40: 230
B41: 0.4504 | C41: ccm | D41: =TEXT(ROUND(E41,3),"#,#")&"_"&TEXT(G41,"0") -> 5,_48 | E41: 5.002 | F41: 6.083 | G41: 48.01 | H41: 0.39903 | I41: =G41/E41 -> 9.5981607 | J41: =F41*E41 -> 30.427166 | K41: =H41*G41 -> 19.15743 | L41: =J41-K41 -> 11.269736 | M41: =K41/J41 -> 0.62961599 | N41: 120 | O41: =C41&"_"&TEXT(B41,"0,####")&"_"&TEXT(ROUND(E41,3),"#,#")&"_"&TEXT(G41,"0")&"_"&TEXT(ROUND(K41,1),"0,#") -> ccm_0,4504_5,_48_19,2
B43: 0.0493 | C43: dcm | D43: =TEXT(ROUND(E43,3),"#,#")&"_"&TEXT(G43,"0") -> 12,_24 | E43: 12.005 | F43: 0.07325 | G43: 24.023 | H43: 0.0242 | I43: =G43/E43 -> 2.0010829 | J43: =F43*E43 -> 0.87936625 | K43: =H43*G43 -> 0.5813566 | L43: =J43-K43 -> 0.29800965 | M43: =K43/J43 -> 0.66110861 | N43: 1000 | O43: =C43&"_"&TEXT(B43,"0,####")&"_"&TEXT(ROUND(E43,3),"#,#")&"_"&TEXT(G43,"0")&"_"&TEXT(ROUND(K43,1),"0,#") -> dcm_0,0493_12,_24_0,6 | P43: passiver wdst
B44: 0.069 | C44: dcm | D44: =TEXT(ROUND(E44,3),"#,#")&"_"&TEXT(G44,"0") -> 12,_24 | E44: 12.0028 | F44: 0.143 | G44: 24.05 | H44: 0.05985 | I44: =G44/E44 -> 2.0036991 | J44: =F44*E44 -> 1.7164004 | K44: =H44*G44 -> 1.4393925 | L44: =J44-K44 -> 0.2770079 | M44: =K44/J44 -> 0.83861114 | N44: 400
B45: 0.1078 | C45: dcm | D45: =TEXT(ROUND(E45,3),"#,#")&"_"&TEXT(G45,"0") -> 12,_24 | E45: 12.001 | F45: 0.2387 | G45: 24.009 | H45: 0.10021 | I45: =G45/E45 -> 2.0005833 | J45: =F45*E45 -> 2.8646387 | K45: =H45*G45 -> 2.4059419 | L45: =J45-K45 -> 0.45869681 | M45: =K45/J45 -> 0.83987621 | N45: 240
B46: 0.1614 | C46: dcm | D46: =TEXT(ROUND(E46,3),"#,#")&"_"&TEXT(G46,"0") -> 12,_24 | E46: 12.002 | F46: 0.47774 | G46: 24.023 | H46: 0.20872 | I46: =G46/E46 -> 2.0015831 | J46: =F46*E46 -> 5.7338355 | K46: =H46*G46 -> 5.0140806 | L46: =J46-K46 -> 0.71975492 | M46: =K46/J46 -> 0.87447235 | N46: 115
B47: 0.2077 | C47: dcm | D47: =TEXT(ROUND(E47,3),"#,#")&"_"&TEXT(G47,"0") -> 12,_24 | E47: 12.0078 | F47: 0.72054 | G47: 24.0185 | H47: 0.31572 | I47: =G47/E47 -> 2.0002415 | J47: =F47*E47 -> 8.6521002 | K47: =H47*G47 -> 7.5831208 | L47: =J47-K47 -> 1.0689794 | M47: =K47/J47 -> 0.87644857 | N47: 76 | O47: =C47&"_"&TEXT(B47,"0,####")&"_"&TEXT(ROUND(E47,3),"#,#")&"_"&TEXT(G47,"0")&"_"&TEXT(ROUND(K47,1),"0,#") -> dcm_0,2077_12,_24_7,6
B48: 0.2522 | C48: ccm | D48: =TEXT(ROUND(E48,3),"#,#")&"_"&TEXT(G48,"0") -> 12,_24 | E48: 12.0076 | F48: 0.92999 | G48: 24.013 | H48: 0.41389 | I48: =G48/E48 -> 1.9998168 | J48: =F48*E48 -> 11.166948 | K48: =H48*G48 -> 9.9387406 | L48: =J48-K48 -> 1.2282074 | M48: =K48/J48 -> 0.89001405 | N48: 58
B49: 0.2598 | C49: ccm | D49: =TEXT(ROUND(E49,3),"#,#")&"_"&TEXT(G49,"0") -> 12,_24 | E49: 12 | F49: 1.9116 | G49: 24.016 | H49: 0.85516 | I49: =G49/E49 -> 2.0013333 | J49: =F49*E49 -> 22.9392 | K49: =H49*G49 -> 20.537523 | L49: =J49-K49 -> 2.4016774 | M49: =K49/J49 -> 0.89530248 | N49: 28
B50: 0.263 | C50: ccm | D50: =TEXT(ROUND(E50,3),"#,#")&"_"&TEXT(G50,"0") -> 12,_24 | E50: 12.0039 | F50: 2.68699 | G50: 24.07 | H50: 1.19234 | I50: =G50/E50 -> 2.0051816 | J50: =F50*E50 -> 32.254359 | K50: =H50*G50 -> 28.699624 | L50: =J50-K50 -> 3.5547355 | M50: =K50/J50 -> 0.88979054 | N50: 20 | O50: =C50&"_"&TEXT(B50,"0,####")&"_"&TEXT(ROUND(E50,3),"#,#")&"_"&TEXT(G50,"0")&"_"&TEXT(ROUND(K50,1),"0,##") -> ccm_0,263_12,_24_28,7 | P50: nach messung am 07.05.2026
B51: 0.2622 | C51: ccm | D51: =TEXT(ROUND(E51,3),"#,#")&"_"&TEXT(G51,"0") -> 12,_24 | E51: 12.0074 | F51: 2.8157 | G51: 24.02 | H51: 1.2578 | I51: =G51/E51 -> 2.0004331 | J51: =F51*E51 -> 33.809236 | K51: =H51*G51 -> 30.212356 | L51: =J51-K51 -> 3.5968802 | M51: =K51/J51 -> 0.8936125 | N51: 19
B52: 0.2664 | C52: ccm | D52: =TEXT(ROUND(E52,3),"#,#")&"_"&TEXT(G52,"0") -> 12,_24 | E52: 12.0015 | F52: 4.4957 | G52: 24.016 | H52: 1.98455 | I52: =G52/E52 -> 2.0010832 | J52: =F52*E52 -> 53.955144 | K52: =H52*G52 -> 47.660953 | L52: =J52-K52 -> 6.2941908 | M52: =K52/J52 -> 0.88334401 | N52: 12
B53: 0.2686 | C53: ccm | D53: =TEXT(ROUND(E53,3),"#,#")&"_"&TEXT(G53,"0") -> 12,_24 | E53: 12.0032 | F53: 6.02705 | G53: 24.022 | H53: 2.6396 | I53: =G53/E53 -> 2.0012997 | J53: =F53*E53 -> 72.343887 | K53: =H53*G53 -> 63.408471 | L53: =J53-K53 -> 8.9354154 | M53: =K53/J53 -> 0.87648693 | N53: 9 | O53: =C53&"_"&TEXT(B53,"0,####")&"_"&TEXT(ROUND(E53,3),"#,#")&"_"&TEXT(G53,"0")&"_"&TEXT(ROUND(K53,1),"0,#") -> ccm_0,2686_12,_24_63,4
B55: 0.1209 | C55: dcm | D55: =TEXT(ROUND(E55,3),"#,#")&"_"&TEXT(G55,"0") -> 12,_48 | E55: 12.0033 | F55: 0.28315 | G55: 48.021 | H55: 0.04837 | I55: =G55/E55 -> 4.0006498 | J55: =F55*E55 -> 3.3987344 | K55: =H55*G55 -> 2.3227758 | L55: =J55-K55 -> 1.0759586 | M55: =K55/J55 -> 0.68342374 | N55: 1000 | P55: passiver wdst
B56: 0.1753 | C56: dcm | D56: =TEXT(ROUND(E56,3),"#,#")&"_"&TEXT(G56,"0") -> 12,_48 | E56: 12.021 | F56: 0.515 | G56: 48 | H56: 0.1035 | I56: =G56/E56 -> 3.9930122 | J56: =F56*E56 -> 6.190815 | K56: =H56*G56 -> 4.968 | L56: =J56-K56 -> 1.222815 | M56: =K56/J56 -> 0.80247916 | N56: 450
B57: 0.2475 | C57: dcm | D57: =TEXT(ROUND(E57,3),"#,#")&"_"&TEXT(G57,"0") -> 12,_48 | E57: 12.0079 | F57: 1.0379 | G57: 48.01 | H57: 0.209 | I57: =G57/E57 -> 3.9982012 | J57: =F57*E57 -> 12.462999 | K57: =H57*G57 -> 10.03409 | L57: =J57-K57 -> 2.4289094 | M57: =K57/J57 -> 0.80511036 | N57: 230
B58: 0.3159 | C58: dcm | D58: =TEXT(ROUND(E58,3),"#,#")&"_"&TEXT(G58,"0") -> 12,_48 | E58: 12.0086 | F58: 1.9308 | G58: 48.02 | H58: 0.40033 | I58: =G58/E58 -> 3.9988009 | J58: =F58*E58 -> 23.186205 | K58: =H58*G58 -> 19.223847 | L58: =J58-K58 -> 3.9623583 | M58: =K58/J58 -> 0.82910708 | N58: 120
B59: 0.3741 | C59: ccm | D59: =TEXT(ROUND(E59,3),"#,#")&"_"&TEXT(G59,"0") -> 12,_48 | E59: 12.0035 | F59: 2.9642 | G59: 48.008 | H59: 0.6216 | I59: =G59/E59 -> 3.9995001 | J59: =F59*E59 -> 35.580775 | K59: =H59*G59 -> 29.841773 | L59: =J59-K59 -> 5.7390019 | M59: =K59/J59 -> 0.83870498 | N59: 77
B60: 0.3765 | C60: ccm | D60: =TEXT(ROUND(E60,3),"#,#")&"_"&TEXT(G60,"0") -> 12,_48 | E60: 12.0019 | F60: 4.9195 | G60: 48.014 | H60: 1.04092 | I60: =G60/E60 -> 4.0005332 | J60: =F60*E60 -> 59.043347 | K60: =H60*G60 -> 49.978733 | L60: =J60-K60 -> 9.0646142 | M60: =K60/J60 -> 0.84647527 | N60: 46
B61: 0.3777 | C61: ccm | D61: =TEXT(ROUND(E61,3),"#,#")&"_"&TEXT(G61,"0") -> 12,_48 | E61: 12.0061 | F61: 5.9812 | G61: 48.01 | H61: 1.26285 | I61: =G61/E61 -> 3.9988006 | J61: =F61*E61 -> 71.810885 | K61: =H61*G61 -> 60.629428 | L61: =J61-K61 -> 11.181457 | M61: =K61/J61 -> 0.84429301 | N61: 38
B63: 0.0434 | C63: dcm | D63: =TEXT(ROUND(E63,3),"#,#")&"_"&TEXT(G63,"0") -> 24,_48 | E63: 24.0157 | F63: 0.127635 | G63: 48.02 | H63: 0.04838 | I63: =G63/E63 -> 1.9995253 | J63: =F63*E63 -> 3.0652439 | K63: =H63*G63 -> 2.3232076 | L63: =J63-K63 -> 0.74203627 | M63: =K63/J63 -> 0.75791934 | N63: 1000 | P63: passiver wdst
B64: 0.0824 | C64: dcm | D64: =TEXT(ROUND(E64,3),"#,#")&"_"&TEXT(G64,"0") -> 24,_48 | E64: 24.0062 | F64: 0.24921 | G64: 48.037 | H64: 0.10445 | I64: =G64/E64 -> 2.0010247 | J64: =F64*E64 -> 5.9825851 | K64: =H64*G64 -> 5.0174646 | L64: =J64-K64 -> 0.96512045 | M64: =K64/J64 -> 0.83867836 | N64: 450
B65: 0.1228 | C65: dcm | D65: =TEXT(ROUND(E65,3),"#,#")&"_"&TEXT(G65,"0") -> 24,_48 | E65: 24.0137 | F65: 0.49007 | G65: 48.014 | H65: 0.21806 | I65: =G65/E65 -> 1.999442 | J65: =F65*E65 -> 11.768394 | K65: =H65*G65 -> 10.469933 | L65: =J65-K65 -> 1.2984611 | M65: =K65/J65 -> 0.88966539 | N65: 220
B66: 0.1673 | C66: dcm | D66: =TEXT(ROUND(E66,3),"#,#")&"_"&TEXT(G66,"0") -> 24,_48 | E66: 24.0193 | F66: 0.88877 | G66: 48.015 | H66: 0.400515 | I66: =G66/E66 -> 1.9990175 | J66: =F66*E66 -> 21.347633 | K66: =H66*G66 -> 19.230728 | L66: =J66-K66 -> 2.1169055 | M66: =K66/J66 -> 0.90083652 | N66: 120
B67: 0.2087 | C67: dcm | D67: =TEXT(ROUND(E67,3),"#,#")&"_"&TEXT(G67,"0") -> 24,_48 | E67: 24.02 | F67: 1.36955 | G67: 48.026 | H67: 0.62265 | I67: =G67/E67 -> 1.9994172 | J67: =F67*E67 -> 32.896591 | K67: =H67*G67 -> 29.903389 | L67: =J67-K67 -> 2.9932021 | M67: =K67/J67 -> 0.90901178 | N67: 77
B68: 0.2498 | C68: ccm | D68: =TEXT(ROUND(E68,3),"#,#")&"_"&TEXT(G68,"0") -> 24,_48 | E68: 24.0073 | F68: 2.2721 | G68: 48.014 | H68: 1.0437 | I68: =G68/E68 -> 1.999975 | J68: =F68*E68 -> 54.546986 | K68: =H68*G68 -> 50.112212 | L68: =J68-K68 -> 4.4347745 | M68: =K68/J68 -> 0.91869808 | N68: 46
B69: 0.2512 | C69: ccm | D69: =TEXT(ROUND(E69,3),"#,#")&"_"&TEXT(G69,"0") -> 24,_48 | E69: 24.0111 | F69: 3.1561 | G69: 48.057 | H69: 1.45518 | I69: =G69/E69 -> 2.0014493 | J69: =F69*E69 -> 75.781433 | K69: =H69*G69 -> 69.931585 | L69: =J69-K69 -> 5.8498474 | M69: =K69/J69 -> 0.92280632 | N69: 33
B70: 0.253 | C70: ccm | D70: =TEXT(ROUND(E70,3),"#,#")&"_"&TEXT(G70,"0") -> 24,_48 | E70: 24.0136 | F70: 4.2225 | G70: 48.113 | H70: 1.9397 | I70: =G70/E70 -> 2.003573 | J70: =F70*E70 -> 101.39743 | K70: =H70*G70 -> 93.324786 | L70: =J70-K70 -> 8.0726399 | M70: =K70/J70 -> 0.92038615 | N70: 25 | O70: =C70&"_"&TEXT(B70,"0,####")&"_"&TEXT(ROUND(E70,3),"#,#")&"_"&TEXT(G70,"0")&"_"&TEXT(ROUND(K70,1),"0,##") -> ccm_0,253_24,_48_93,3 | P70: nach messung am 07.05.2026
B71: 0.2526 | C71: ccm | D71: =TEXT(ROUND(E71,3),"#,#")&"_"&TEXT(G71,"0") -> 24,_48 | E71: 24.0141 | F71: 4.5226 | G71: 48.022 | H71: 2.0891 | I71: =G71/E71 -> 1.9997418 | J71: =F71*E71 -> 108.60617 | K71: =H71*G71 -> 100.32276 | L71: =J71-K71 -> 8.2834085 | M71: =K71/J71 -> 0.92372985 | N71: 23
B72: 0.2538 | C72: ccm | D72: =TEXT(ROUND(E72,3),"#,#")&"_"&TEXT(G72,"0") -> 24,_48 | E72: 24.006 | F72: 6.0262 | G72: 48.012 | H72: 2.77966 | I72: =G72/E72 -> 2 | J72: =F72*E72 -> 144.66496 | K72: =H72*G72 -> 133.45704 | L72: =J72-K72 -> 11.207921 | M72: =K72/J72 -> 0.92252497 | N72: 17.2 | O72: =C72&"_"&TEXT(B72,"0,####")&"_"&TEXT(ROUND(E72,3),"#,#")&"_"&TEXT(G72,"0")&"_"&TEXT(ROUND(K72,1),"0,#") -> ccm_0,2538_24,_48_133,5

Sheet Bildverzeichnis
A2: Oszi-Bild | B2: Thermo-Bild | C2: Ref [M_d_Vin_Vout_Pout] | D2: Ch1 | E2: CH2 | F2: CH3 | G2: CH4 | H2: comment
A3: tek00000 | B3: HM20260313095043 | C3: =Wirkungsgradkurven!O18 -> ccm_0,4423_3,3_24_7,5 | D3: SIG1 | E3: SIG2 | F3: IL11 | G3: IL21
A4: tek00001 | B4: HM20260313101050 | C4: =Wirkungsgradkurven!O20 -> ccm_0,447_3,3_24_11,8 | D4: SIG1 | E4: SIG2 | F4: IL11 | G4: IL21
A5: tek00003 | B5: - | C5: =Wirkungsgradkurven!O22 -> dcm_0,125_5,_12_0,5 | D5: SIG1 | E5: SIG2 | F5: IL11 | G5: IL21 | H5: dcm, schwierige Messdatenerfassung aufgrund von leichtem schwingen im System
A6: tek00004 | B6: - | C6: =Wirkungsgradkurven!O15 -> dcm_0,272_3,3_24_1,2 | D6: SIG1 | E6: SIG2 | F6: IL11 | G6: IL21
A7: tek00005 | B7: - | C7: =Wirkungsgradkurven!O32 -> ccm_0,401_5,_24_5, | D7: SIG1 | E7: SIG2 | F7: IL11 | G7: IL21
A8: tek00006 | B8: - | C8: =Wirkungsgradkurven!O41 -> ccm_0,4504_5,_48_19,2 | D8: SIG1 | E8: SIG2 | F8: IL11 | G8: IL21 | H8: ccm, strombegrenzt durch Netzteil Ausgangsstrom
A9: tek00007 | B9: - | C9: =Wirkungsgradkurven!O37 -> dcm_0,2291_5,_48_2,3 | D9: SIG1 | E9: SIG2 | F9: IL11 | G9: IL21
A10: tek00008 | B10: - | C10: =Wirkungsgradkurven!O43 -> dcm_0,0493_12,_24_0,6 | D10: SIG1 | E10: SIG2 | F10: IL11 | G10: IL21
A11: tek00009 | B11: - | C11: =Wirkungsgradkurven!O47 -> dcm_0,2077_12,_24_7,6 | D11: SIG1 | E11: SIG2 | F11: IL11 | G11: IL21
A12: tek00010 | B12: HM20260313133236 | C12: =Wirkungsgradkurven!O53 -> ccm_0,2686_12,_24_63,4 | D12: SIG1 | E12: SIG2 | F12: IL11 | G12: IL21 | H12: ccm, strombegrenzt durch Netzteil Ausgangsstrom
A13: tek00011 | B13: HM20260313144957, HM20260313145028 | C13: =Wirkungsgradkurven!O72 -> ccm_0,2538_24,_48_133,5 | D13: SIG1 | E13: SIG2 | F13: IL11 | G13: IL21 | H13: ccm, strombegrenzt durch Netzteil Ausgangsstrom
A14: - | B14: Ordner: | C14: =Wirkungsgradkurven!O50 -> ccm_0,263_12,_24_28,7 | D14: - | E14: - | F14: - | G14: - | H14: Ref Messung für Stationäre Messungen
A15: - | B15: Ordner: | C15: =Wirkungsgradkurven!O70 -> ccm_0,253_24,_48_93,3 | D15: - | E15: - | F15: - | G15: - | H15: Ref Messung für Stationäre Messungen

Sheet Messmittel
B2: Gerät | C2: Art | D2: Verwendung | E2: Anzahl
B3: Tektronix AFG3022B | C3: Funktionsgenerator | D3: Schalter-Ansteuersignal | E3: 1
B4: Tektronix MSO 3034 | C4: Digitales Oszilloskop | D4: Messsignale im Zeitbereich | E4: 1
B5: GWINSTEK SPD-3606 | C5: Labor Netzteil | D5: Versorgung DCDC, Treiber | E5: 1
B6: Tektronix DMM 4040 6-1/2 | C6: Digitales Multimeter | D6: Vout,Iout, Vin, Iin RMS Messung | E6: 4
B7: GOSSEN METRAWATT 32EL300R30 | C7: Elektronische Last | D7: Stellbare Ohm'sche Last | E7: 1
B8: HIKMICRO HM-TP42-3AQF/W-Pocket2 | C8: Thermo Kamera | D8: Halbleiter Temperaturüberwachung | E8: 1
B9: Passiver Leistungswiderstand mit Kühlkörper | C9: 1k Ohm Leistungswiderstand | D9: Ohmsche Last | E9: 1
B10: TCP202 AC/DC Current Probe | C10: Strommesszange | D10: Isolierte Strommessung im Zeitbereich | E10: 2

Sheet Simulationsvergleich
A2: Arbeitspunkt Betrachtung | B2: d [\%] | C2: U1 [V] | D2: U2 [V] | E2: P1[W] | F2: P2[W] | G2: η [\%]
A3: Simulation 12V\_24V\_20$\Omega$ | B3: 26.5 | C3: 12 | D3: 24.08 | E3: 31.55 | F3: 29 | G3: 91.9
A4: Simulation 24V\_48V\_25$\Omega$ | B4: 25.8 | C4: 24 | D4: 47.96 | E4: 97.04 | F4: 92 | G4: 94.8
A5: Messung 12V\_24V\_20$\Omega$ | B5: 26.3 | C5: 12.0039 | D5: 24.07 | E5: 32.254359 | F5: 28.699624 | G5: 88.979054
A6: Messung 24V\_48V\_25$\Omega$ | B6: 25.3 | C6: 24.0136 | D6: 48.113 | E6: 101.39743 | F6: 93.324786 | G6: 92.038615
