Workbook

Sheet Uebersetzung_ccm
B1: Berechnet für Continuous Conduction Mode
B4: d und U1 werden nährungsweise Konstant gehalten / jeder erste Wert in einem Messreihen block ist nahe am "Anfang des CCM" => critical conduction mode aufgenommen
B5: Thermische EInschwingzeit: 2-5 min | N5: SerienWdst des Kabels ist hier nicht mit erfasst
B6: Ansteuerung | C6: Ü_ideal | D6: Messung | E6: Messwerte | I6: Rechenwerte | N6: Stellwert
B7: d | C7: Ü | D7: Name | E7: U1 [V] | F7: I1 [A] | G7: U2 [V] | H7: I2 [A] | I7: U2/U1 | J7: P1 [W] | K7: P2 [W] | L7: Pdiff [W] | M7: P2/P1 | N7: R_L [Ω]
B8: 0.05 | C8: =1/(1-2*B8) -> 1.1111111 | D8: =TEXT(ROUND(E8,3),"#,#")&"_"&TEXT(B8,"0,##") -> 3,3_0,05 | E8: 3.3049 | F8: 0.4427 | G8: 2.7922 | H8: 0.3875 | I8: =G8/E8 -> 0.84486671 | J8: =F8*E8 -> 1.4630792 | K8: =H8*G8 -> 1.0819775 | L8: =J8-K8 -> 0.38110173 | M8: =K8/J8 -> 0.73952078 | N8: 7
B9: 0.05 | C9: =1/(1-2*B9) -> 1.1111111 | D9: =TEXT(ROUND(E9,3),"#,#")&"_"&TEXT(B9,"0,##") -> 3,3_0,05 | E9: 3.3048 | F9: 1.265 | G9: 2.623 | H9: 1.1205 | I9: =G9/E9 -> 0.79369402 | J9: =F9*E9 -> 4.180572 | K9: =H9*G9 -> 2.9390715 | L9: =J9-K9 -> 1.2415005 | M9: =K9/J9 -> 0.70303095 | N9: 2
B10: 0.05 | C10: =1/(1-2*B10) -> 1.1111111 | D10: =TEXT(ROUND(E10,3),"#,#")&"_"&TEXT(B10,"0,##") -> 3,3_0,05 | E10: 3.297 | F10: 1.6953 | G10: 2.5495 | H10: 1.5014 | I10: =G10/E10 -> 0.77327874 | J10: =F10*E10 -> 5.5894041 | K10: =H10*G10 -> 3.8278193 | L10: =J10-K10 -> 1.7615848 | M10: =K10/J10 -> 0.68483495 | N10: 1.4
B11: 0.05 | C11: =1/(1-2*B11) -> 1.1111111 | D11: =TEXT(ROUND(E11,3),"#,#")&"_"&TEXT(B11,"0,##") -> 3,3_0,05 | E11: 3.3013 | F11: 2.6088 | G11: 2.419 | H11: 2.3135 | I11: =G11/E11 -> 0.73274165 | J11: =F11*E11 -> 8.6124314 | K11: =H11*G11 -> 5.5963565 | L11: =J11-K11 -> 3.0160749 | M11: =K11/J11 -> 0.64979983 | N11: 0.8
B12: 0.05 | C12: =1/(1-2*B12) -> 1.1111111 | D12: =TEXT(ROUND(E12,3),"#,#")&"_"&TEXT(B12,"0,##") -> 3,3_0,05 | E12: 3.3056 | F12: 3.6237 | G12: 2.272 | H12: 3.21926 | I12: =G12/E12 -> 0.68731849 | J12: =F12*E12 -> 11.978503 | K12: =H12*G12 -> 7.3141587 | L12: =J12-K12 -> 4.664344 | M12: =K12/J12 -> 0.61060709 | N12: 0.5
B14: 0.05 | C14: =1/(1-2*B14) -> 1.1111111 | D14: =TEXT(ROUND(E14,3),"#")&"_"&TEXT(B14,"0,##") -> 5_0,05 | E14: 5.016 | F14: 0.22588 | G14: 4.8673 | H14: 0.19325 | I14: =G14/E14 -> 0.97035486 | J14: =F14*E14 -> 1.1330141 | K14: =H14*G14 -> 0.94060573 | L14: =J14-K14 -> 0.19240835 | M14: =K14/J14 -> 0.83018008 | N14: 25
B15: 0.05 | C15: =1/(1-2*B15) -> 1.1111111 | D15: =TEXT(ROUND(E15,3),"#")&"_"&TEXT(B15,"0,##") -> 5_0,05 | E15: 5.001 | F15: 0.52878 | G15: 4.704 | H15: 0.4616 | I15: =G15/E15 -> 0.94061188 | J15: =F15*E15 -> 2.6444288 | K15: =H15*G15 -> 2.1713664 | L15: =J15-K15 -> 0.47306238 | M15: =K15/J15 -> 0.82110981 | N15: 10
B16: 0.05 | C16: =1/(1-2*B16) -> 1.1111111 | D16: =TEXT(ROUND(E16,3),"#")&"_"&TEXT(B16,"0,##") -> 5_0,05 | E16: 5.0255 | F16: 1.0136 | G16: 4.6087 | H16: 0.89187 | I16: =G16/E16 -> 0.91706298 | J16: =F16*E16 -> 5.0938468 | K16: =H16*G16 -> 4.1103613 | L16: =J16-K16 -> 0.98348553 | M16: =K16/J16 -> 0.80692676 | N16: 5
B17: 0.05 | C17: =1/(1-2*B17) -> 1.1111111 | D17: =TEXT(ROUND(E17,3),"#")&"_"&TEXT(B17,"0,##") -> 5_0,05 | E17: 5.0235 | F17: 1.40218 | G17: 4.5221 | H17: 1.2369 | I17: =G17/E17 -> 0.90018911 | J17: =F17*E17 -> 7.0438512 | K17: =H17*G17 -> 5.5933855 | L17: =J17-K17 -> 1.4504657 | M17: =K17/J17 -> 0.79408058 | N17: 3.5
B18: 0.05 | C18: =1/(1-2*B18) -> 1.1111111 | D18: =TEXT(ROUND(E18,3),"#")&"_"&TEXT(B18,"0,##") -> 5_0,05 | E18: 5.0251 | F18: 1.89888 | G18: 4.4476 | H18: 1.67768 | I18: =G18/E18 -> 0.88507691 | J18: =F18*E18 -> 9.5420619 | K18: =H18*G18 -> 7.4616496 | L18: =J18-K18 -> 2.0804123 | M18: =K18/J18 -> 0.78197455 | N18: 2.5
B19: 0.05 | C19: =1/(1-2*B19) -> 1.1111111 | D19: =TEXT(ROUND(E19,3),"#")&"_"&TEXT(B19,"0,##") -> 5_0,05 | E19: 5.0303 | F19: 4.0588 | G19: 4.1147 | H19: 3.5956 | I19: =G19/E19 -> 0.81798302 | J19: =F19*E19 -> 20.416982 | K19: =H19*G19 -> 14.794815 | L19: =J19-K19 -> 5.6221663 | M19: =K19/J19 -> 0.72463284 | N19: 1
B21: 0.05 | C21: =1/(1-2*B21) -> 1.1111111 | D21: =TEXT(ROUND(E21,3),"#")&"_"&TEXT(B21,"0,##") -> 9_0,05 | E21: 9.0446 | F21: 0.15554 | G21: 9.6345 | H21: 0.127925 | I21: =G21/E21 -> 1.0652212 | J21: =F21*E21 -> 1.4067971 | K21: =H21*G21 -> 1.2324934 | L21: =J21-K21 -> 0.17430367 | M21: =K21/J21 -> 0.87609892 | N21: 75
B22: 0.05 | C22: =1/(1-2*B22) -> 1.1111111 | D22: =TEXT(ROUND(E22,3),"#")&"_"&TEXT(B22,"0,##") -> 9_0,05 | E22: 9.0177 | F22: 0.3627 | G22: 9.3816 | H22: 0.3105 | I22: =G22/E22 -> 1.040354 | J22: =F22*E22 -> 3.2707198 | K22: =H22*G22 -> 2.9129868 | L22: =J22-K22 -> 0.35773299 | M22: =K22/J22 -> 0.89062561 | N22: 30
B23: 0.05 | C23: =1/(1-2*B23) -> 1.1111111 | D23: =TEXT(ROUND(E23,3),"#")&"_"&TEXT(B23,"0,##") -> 9_0,05 | E23: 9.0133 | F23: 0.69977 | G23: 9.2208 | H23: 0.609 | I23: =G23/E23 -> 1.0230215 | J23: =F23*E23 -> 6.3072369 | K23: =H23*G23 -> 5.6154672 | L23: =J23-K23 -> 0.69176974 | M23: =K23/J23 -> 0.89032127 | N23: 15
B24: 0.05 | C24: =1/(1-2*B24) -> 1.1111111 | D24: =TEXT(ROUND(E24,3),"#")&"_"&TEXT(B24,"0,##") -> 9_0,05 | E24: 9.0545 | F24: 1.98881 | G24: 8.9909 | H24: 1.7514 | I24: =G24/E24 -> 0.99297587 | J24: =F24*E24 -> 18.00768 | K24: =H24*G24 -> 15.746662 | L24: =J24-K24 -> 2.2610179 | M24: =K24/J24 -> 0.87444147 | N24: 5
B25: 0.05 | C25: =1/(1-2*B25) -> 1.1111111 | D25: =TEXT(ROUND(E25,3),"#")&"_"&TEXT(B25,"0,##") -> 9_0,05 | E25: 9.0116 | F25: 3.1626 | G25: 8.7489 | H25: 2.7907 | I25: =G25/E25 -> 0.97084868 | J25: =F25*E25 -> 28.500086 | K25: =H25*G25 -> 24.415555 | L25: =J25-K25 -> 4.0845309 | M25: =K25/J25 -> 0.85668356 | N25: 3
B26: 0.05 | C26: =1/(1-2*B26) -> 1.1111111 | D26: =TEXT(ROUND(E26,3),"#")&"_"&TEXT(B26,"0,##") -> 9_0,05 | E26: 9.0385 | F26: 4.54 | G26: 8.59 | H26: 4.0236 | I26: =G26/E26 -> 0.95037893 | J26: =F26*E26 -> 41.03479 | K26: =H26*G26 -> 34.562724 | L26: =J26-K26 -> 6.472066 | M26: =K26/J26 -> 0.84227856 | N26: 2
... B38: 0.05 | C38: =1/(1-2*B38) -> 1.1111111 | D38: =TEXT(ROUND(E38,3),"#")&"_"&TEXT(B38,"0,##") -> 24_0,05 | E38: 24.0347 | F38: 2.9163 | G38: 25.83 | H38: 2.5558 | I38: =G38/E38 -> 1.0746962 | J38: =F38*E38 -> 70.092396 | K38: =H38*G38 -> 66.016314 | L38: =J38-K38 -> 4.0760816 | M38: =K38/J38 -> 0.94184702 | N38: 10
B40: 0.1 | C40: =1/(1-2*B40) -> 1.25 | D40: =TEXT(ROUND(E40,3),"#,#")&"_"&TEXT(B40,"0,##") -> 3,3_0,1 | E40: 3.3028 | F40: 0.1488 | G40: 3.376 | H40: 0.11157 | I40: =G40/E40 -> 1.022163 | J40: =F40*E40 -> 0.49145664 | K40: =H40*G40 -> 0.37666032 | L40: =J40-K40 -> 0.11479632 | M40: =K40/J40 -> 0.76641618 | N40: 30
B41: 0.1 | C41: =1/(1-2*B41) -> 1.25 | D41: =TEXT(ROUND(E41,3),"#,#")&"_"&TEXT(B41,"0,##") -> 3,3_0,1 | E41: 3.30533 | F41: 0.2827 | G41: 3.27 | H41: 0.21662 | I41: =G41/E41 -> 0.9893112 | J41: =F41*E41 -> 0.93441679 | K41: =H41*G41 -> 0.7083474 | L41: =J41-K41 -> 0.22606939 | M41: =K41/J41 -> 0.75806365 | N41: 15
B42: 0.1 | C42: =1/(1-2*B42) -> 1.25 | D42: =TEXT(ROUND(E42,3),"#,#")&"_"&TEXT(B42,"0,##") -> 3,3_0,1 | E42: 3.3004 | F42: 0.77426 | G42: 3.0951 | H42: 0.60363 | I42: =G42/E42 -> 0.93779542 | J42: =F42*E42 -> 2.5553677 | K42: =H42*G42 -> 1.8682952 | L42: =J42-K42 -> 0.68707249 | M42: =K42/J42 -> 0.73112578 | N42: 5
B43: 0.1 | C43: =1/(1-2*B43) -> 1.25 | D43: =TEXT(ROUND(E43,3),"#,#")&"_"&TEXT(B43,"0,##") -> 3,3_0,1 | E43: 3.3036 | F43: 2.9702 | G43: 2.639 | H43: 2.338 | I43: =G43/E43 -> 0.79882552 | J43: =F43*E43 -> 9.8123527 | K43: =H43*G43 -> 6.169982 | L43: =J43-K43 -> 3.6423707 | M43: =K43/J43 -> 0.62879741 | N43: 1
B44: 0.1 | C44: =1/(1-2*B44) -> 1.25 | D44: =TEXT(ROUND(E44,3),"#,#")&"_"&TEXT(B44,"0,##") -> 3,3_0,1 | E44: 3.3002 | F44: 4.738 | G44: 2.3685 | H44: 3.74 | I44: =G44/E44 -> 0.71768378 | J44: =F44*E44 -> 15.636348 | K44: =H44*G44 -> 8.85819 | L44: =J44-K44 -> 6.7781576 | M44: =K44/J44 -> 0.56651273 | N44: 0.5
B46: 0.1 | C46: =1/(1-2*B46) -> 1.25 | D46: =TEXT(ROUND(E46,3),"#")&"_"&TEXT(B46,"0,##") -> 5_0,1 | E46: 5.0048 | F46: 0.28647 | G46: 5.4734 | H46: 0.2174 | I46: =G46/E46 -> 1.0936301 | J46: =F46*E46 -> 1.4337251 | K46: =H46*G46 -> 1.1899172 | L46: =J46-K46 -> 0.2438079 | M46: =K46/J46 -> 0.82994794 | N46: 25
B47: 0.1 | C47: =1/(1-2*B47) -> 1.25 | D47: =TEXT(ROUND(E47,3),"#")&"_"&TEXT(B47,"0,##") -> 5_0,1 | E47: 5.003 | F47: 0.67462 | G47: 5.305 | H47: 0.52247 | I47: =G47/E47 -> 1.0603638 | J47: =F47*E47 -> 3.3751239 | K47: =H47*G47 -> 2.7717033 | L47: =J47-K47 -> 0.60342051 | M47: =K47/J47 -> 0.8212153 | N47: 10
B48: 0.1 | C48: =1/(1-2*B48) -> 1.25 | D48: =TEXT(ROUND(E48,3),"#")&"_"&TEXT(B48,"0,##") -> 5_0,1 | E48: 5.009 | F48: 1.28576 | G48: 5.1547 | H48: 1.00352 | I48: =G48/E48 -> 1.0290876 | J48: =F48*E48 -> 6.4403718 | K48: =H48*G48 -> 5.1728445 | L48: =J48-K48 -> 1.2675273 | M48: =K48/J48 -> 0.80319035 | N48: 5
B49: 0.1 | C49: =1/(1-2*B49) -> 1.25 | D49: =TEXT(ROUND(E49,3),"#")&"_"&TEXT(B49,"0,##") -> 5_0,1 | E49: 5.0004 | F49: 2.3928 | G49: 4.9185 | H49: 1.8747 | I49: =G49/E49 -> 0.98362131 | J49: =F49*E49 -> 11.964957 | K49: =H49*G49 -> 9.220712 | L49: =J49-K49 -> 2.7442452 | M49: =K49/J49 -> 0.77064313 | N49: 2.5
B50: 0.1 | C50: =1/(1-2*B50) -> 1.25 | D50: =TEXT(ROUND(E50,3),"#")&"_"&TEXT(B50,"0,##") -> 5_0,1 | E50: 5.026 | F50: 5.05 | G50: 4.4999 | H50: 3.9734 | I50: =G50/E50 -> 0.89532431 | J50: =F50*E50 -> 25.3813 | K50: =H50*G50 -> 17.879903 | L50: =J50-K50 -> 7.5013973 | M50: =K50/J50 -> 0.70445181 | N50: 1
B52: 0.1 | C52: =1/(1-2*B52) -> 1.25 | D52: =TEXT(ROUND(E52,3),"#")&"_"&TEXT(B52,"0,##") -> 9_0,1 | E52: 9 | F52: 0.28489 | G52: 10.675 | H52: 0.21225 | I52: =G52/E52 -> 1.1861111 | J52: =F52*E52 -> 2.56401 | K52: =H52*G52 -> 2.2657687 | L52: =J52-K52 -> 0.29824125 | M52: =K52/J52 -> 0.88368171 | N52: 50
B53: 0.1 | C53: =1/(1-2*B53) -> 1.25 | D53: =TEXT(ROUND(E53,3),"#")&"_"&TEXT(B53,"0,##") -> 9_0,1 | E53: 9.0055 | F53: 0.54806 | G53: 10.5132 | H53: 0.41836 | I53: =G53/E53 -> 1.1674199 | J53: =F53*E53 -> 4.9355543 | K53: =H53*G53 -> 4.3983024 | L53: =J53-K53 -> 0.53725198 | M53: =K53/J53 -> 0.89114658 | N53: 25
B54: 0.1 | C54: =1/(1-2*B54) -> 1.25 | D54: =TEXT(ROUND(E54,3),"#")&"_"&TEXT(B54,"0,##") -> 9_0,1 | E54: 9.048 | F54: 1.31283 | G54: 10.323 | H54: 1.01898 | I54: =G54/E54 -> 1.1409151 | J54: =F54*E54 -> 11.878486 | K54: =H54*G54 -> 10.518931 | L54: =J54-K54 -> 1.3595553 | M54: =K54/J54 -> 0.88554473 | N54: 10
B55: 0.1 | C55: =1/(1-2*B55) -> 1.25 | D55: =TEXT(ROUND(E55,3),"#")&"_"&TEXT(B55,"0,##") -> 9_0,1 | E55: 9.0316 | F55: 2.5103 | G55: 10.048 | H55: 1.9594 | I55: =G55/E55 -> 1.1125382 | J55: =F55*E55 -> 22.672025 | K55: =H55*G55 -> 19.688051 | L55: =J55-K55 -> 2.9839743 | M55: =K55/J55 -> 0.86838519 | N55: 5
B56: 0.1 | C56: =1/(1-2*B56) -> 1.25 | D56: =TEXT(ROUND(E56,3),"#")&"_"&TEXT(B56,"0,##") -> 9_0,1 | E56: 9.0035 | F56: 3.97737 | G56: 9.7479 | H56: 3.1105 | I56: =G56/E56 -> 1.082679 | J56: =F56*E56 -> 35.810251 | K56: =H56*G56 -> 30.320843 | L56: =J56-K56 -> 5.4894078 | M56: =K56/J56 -> 0.84670848 | N56: 3
B57: 0.1 | C57: =1/(1-2*B57) -> 1.25 | D57: =TEXT(ROUND(E57,3),"#")&"_"&TEXT(B57,"0,##") -> 9_0,1 | E57: 9.0327 | F57: 4.6868 | G57: 9.682 | H57: 3.6669 | I57: =G57/E57 -> 1.0718833 | J57: =F57*E57 -> 42.334458 | K57: =H57*G57 -> 35.502926 | L57: =J57-K57 -> 6.8315326 | M57: =K57/J57 -> 0.8386295 | N57: 2.5
B59: 0.1 | C59: =1/(1-2*B59) -> 1.25 | D59: =TEXT(ROUND(E59,3),"#")&"_"&TEXT(B59,"0,##") -> 12_0,1 | E59: 12.0345 | F59: 0.3865 | G59: 14.5235 | H59: 0.28925 | I59: =G59/E59 -> 1.2068221 | J59: =F59*E59 -> 4.6513342 | K59: =H59*G59 -> 4.2009224 | L59: =J59-K59 -> 0.45041187 | M59: =K59/J59 -> 0.90316502 | N59: 50
... B68: 0.1 | C68: =1/(1-2*B68) -> 1.25 | D68: =TEXT(ROUND(E68,3),"#")&"_"&TEXT(B68,"0,##") -> 24_0,1 | E68: 24.0066 | F68: 3.1082 | G68: 29.103 | H68: 2.408 | I68: =G68/E68 -> 1.2122916 | J68: =F68*E68 -> 74.617314 | K68: =H68*G68 -> 70.080024 | L68: =J68-K68 -> 4.5372901 | M68: =K68/J68 -> 0.93919253 | N68: 12
B70: 0.2 | C70: =1/(1-2*B70) -> 1.6666667 | D70: =TEXT(ROUND(E70,3),"#,#")&"_"&TEXT(B70,"0,##") -> 3,3_0,2 | E70: 3.3037 | F70: 0.26908 | G70: 4.5515 | H70: 0.14983 | I70: =G70/E70 -> 1.3776977 | J70: =F70*E70 -> 0.8889596 | K70: =H70*G70 -> 0.68195124 | L70: =J70-K70 -> 0.20700835 | M70: =K70/J70 -> 0.76713413 | N70: 30
B71: 0.2 | C71: =1/(1-2*B71) -> 1.6666667 | D71: =TEXT(ROUND(E71,3),"#,#")&"_"&TEXT(B71,"0,##") -> 3,3_0,2 | E71: 3.30127 | F71: 0.509535 | G71: 4.405 | H71: 0.29068 | I71: =G71/E71 -> 1.334335 | J71: =F71*E71 -> 1.6821126 | K71: =H71*G71 -> 1.2804454 | L71: =J71-K71 -> 0.40166721 | M71: =K71/J71 -> 0.76121265 | N71: 15
B72: 0.2 | C72: =1/(1-2*B72) -> 1.6666667 | D72: =TEXT(ROUND(E72,3),"#,#")&"_"&TEXT(B72,"0,##") -> 3,3_0,2 | E72: 3.30046 | F72: 1.37317 | G72: 4.0942 | H72: 0.79853 | I72: =G72/E72 -> 1.2404937 | J72: =F72*E72 -> 4.5320927 | K72: =H72*G72 -> 3.2693415 | L72: =J72-K72 -> 1.2627511 | M72: =K72/J72 -> 0.7213757 | N72: 5
B73: 0.2 | C73: =1/(1-2*B73) -> 1.6666667 | D73: =TEXT(ROUND(E73,3),"#,#")&"_"&TEXT(B73,"0,##") -> 3,3_0,2 | E73: 3.3008 | F73: 4.857 | G73: 3.2297 | H73: 2.8521 | I73: =G73/E73 -> 0.97845977 | J73: =F73*E73 -> 16.031986 | K73: =H73*G73 -> 9.2114274 | L73: =J73-K73 -> 6.8205582 | M73: =K73/J73 -> 0.5745656 | N73: 1
B75: 0.2 | C75: =1/(1-2*B75) -> 1.6666667 | D75: =TEXT(ROUND(E75,3),"#")&"_"&TEXT(B75,"0,##") -> 5_0,2 | E75: 5.00593 | F75: 0.52015 | G75: 7.3753 | H75: 0.29337 | I75: =G75/E75 -> 1.4733127 | J75: =F75*E75 -> 2.6038345 | K75: =H75*G75 -> 2.1636918 | L75: =J75-K75 -> 0.44014273 | M75: =K75/J75 -> 0.83096363 | N75: 25
B76: 0.2 | C76: =1/(1-2*B76) -> 1.6666667 | D76: =TEXT(ROUND(E76,3),"#")&"_"&TEXT(B76,"0,##") -> 5_0,2 | E76: 5.0013 | F76: 1.2125 | G76: 7.0815 | H76: 0.69896 | I76: =G76/E76 -> 1.4159319 | J76: =F76*E76 -> 6.0640762 | K76: =H76*G76 -> 4.9496852 | L76: =J76-K76 -> 1.114391 | M76: =K76/J76 -> 0.81623071 | N76: 10
B77: 0.2 | C77: =1/(1-2*B77) -> 1.6666667 | D77: =TEXT(ROUND(E77,3),"#")&"_"&TEXT(B77,"0,##") -> 5_0,2 | E77: 5.0051 | F77: 2.2751 | G77: 6.7747 | H77: 1.32149 | I77: =G77/E77 -> 1.3535594 | J77: =F77*E77 -> 11.387103 | K77: =H77*G77 -> 8.9526983 | L77: =J77-K77 -> 2.4344047 | M77: =K77/J77 -> 0.78621387 | N77: 5
B78: 0.2 | C78: =1/(1-2*B78) -> 1.6666667 | D78: =TEXT(ROUND(E78,3),"#")&"_"&TEXT(B78,"0,##") -> 5_0,2 | E78: 5.0082 | F78: 4.12166 | G78: 6.319 | H78: 2.40315 | I78: =G78/E78 -> 1.2617308 | J78: =F78*E78 -> 20.642098 | K78: =H78*G78 -> 15.185505 | L78: =J78-K78 -> 5.4565928 | M78: =K78/J78 -> 0.73565706 | N78: 2.5
B79: 0.2 | C79: =1/(1-2*B79) -> 1.6666667 | D79: =TEXT(ROUND(E79,3),"#")&"_"&TEXT(B79,"0,##") -> 5_0,2 | E79: 5.0043 | F79: 5.5331 | G79: 6.043 | H79: 3.2299 | I79: =G79/E79 -> 1.2075615 | J79: =F79*E79 -> 27.689292 | K79: =H79*G79 -> 19.518286 | L79: =J79-K79 -> 8.1710066 | M79: =K79/J79 -> 0.70490374 | N79: 1.7
B81: 0.2 | C81: =1/(1-2*B81) -> 1.6666667 | D81: =TEXT(ROUND(E81,3),"#")&"_"&TEXT(B81,"0,##") -> 9_0,2 | E81: 9.0035 | F81: 0.6375 | G81: 14.263 | H81: 0.35513 | I81: =G81/E81 -> 1.5841617 | J81: =F81*E81 -> 5.7397313 | K81: =H81*G81 -> 5.0652192 | L81: =J81-K81 -> 0.67451206 | M81: =K81/J81 -> 0.88248369 | N81: 40
B82: 0.2 | C82: =1/(1-2*B82) -> 1.6666667 | D82: =TEXT(ROUND(E82,3),"#")&"_"&TEXT(B82,"0,##") -> 9_0,2 | E82: 9.0042 | F82: 1.21927 | G82: 13.9873 | H82: 0.694575 | I82: =G82/E82 -> 1.5534195 | J82: =F82*E82 -> 10.978551 | K82: =H82*G82 -> 9.7152289 | L82: =J82-K82 -> 1.263322 | M82: =K82/J82 -> 0.88492816 | N82: 20
B83: 0.2 | C83: =1/(1-2*B83) -> 1.6666667 | D83: =TEXT(ROUND(E83,3),"#")&"_"&TEXT(B83,"0,##") -> 9_0,2 | E83: 9.0077 | F83: 2.33577 | G83: 13.633 | H83: 1.34623 | I83: =G83/E83 -> 1.5134829 | J83: =F83*E83 -> 21.039915 | K83: =H83*G83 -> 18.353154 | L83: =J83-K83 -> 2.6867618 | M83: =K83/J83 -> 0.87230168 | N83: 10
B84: 0.2 | C84: =1/(1-2*B84) -> 1.6666667 | D84: =TEXT(ROUND(E84,3),"#")&"_"&TEXT(B84,"0,##") -> 9_0,2 | E84: 9.005 | F84: 4.39699 | G84: 13.0886 | H84: 2.54888 | I84: =G84/E84 -> 1.4534814 | J84: =F84*E84 -> 39.594895 | K84: =H84*G84 -> 33.361271 | L84: =J84-K84 -> 6.2336242 | M84: =K84/J84 -> 0.84256495 | N84: 5
B85: 0.2 | C85: =1/(1-2*B85) -> 1.6666667 | D85: =TEXT(ROUND(E85,3),"#")&"_"&TEXT(B85,"0,##") -> 9_0,2 | E85: 9.0045 | F85: 5.989 | G85: 12.738 | H85: 3.476 | I85: =G85/E85 -> 1.414626 | J85: =F85*E85 -> 53.927951 | K85: =H85*G85 -> 44.277288 | L85: =J85-K85 -> 9.6506625 | M85: =K85/J85 -> 0.82104526 | N85: 3.5
B87: 0.2 | C87: =1/(1-2*B87) -> 1.6666667 | D87: =TEXT(ROUND(E87,3),"#")&"_"&TEXT(B87,"0,##") -> 12_0,2 | E87: 12.0022 | F87: 0.77197 | G87: 19.383 | H87: 0.4291 | I87: =G87/E87 -> 1.6149539 | J87: =F87*E87 -> 9.2653383 | K87: =H87*G87 -> 8.3172453 | L87: =J87-K87 -> 0.94809303 | M87: =K87/J87 -> 0.89767313 | N87: 45
B88: 0.2 | C88: =1/(1-2*B88) -> 1.6666667 | D88: =TEXT(ROUND(E88,3),"#")&"_"&TEXT(B88,"0,##") -> 12_0,2 | E88: 12.0066 | F88: 1.65865 | G88: 19.007 | H88: 0.94547 | I88: =G88/E88 -> 1.583046 | J88: =F88*E88 -> 19.914747 | K88: =H88*G88 -> 17.970548 | L88: =J88-K88 -> 1.9441988 | M88: =K88/J88 -> 0.90237391 | N88: 20
... B94: 0.2 | C94: =1/(1-2*B94) -> 1.6666667 | D94: =TEXT(ROUND(E94,3),"#")&"_"&TEXT(B94,"0,##") -> 24_0,2 | E94: 24.011 | F94: 3.4272 | G94: 39.204 | H94: 1.9511 | I94: =G94/E94 -> 1.6327517 | J94: =F94*E94 -> 82.290499 | K94: =H94*G94 -> 76.490924 | L94: =J94-K94 -> 5.7995748 | M94: =K94/J94 -> 0.92952315 | N94: 20
B96: 0.25 | C96: =1/(1-2*B96) -> 2 | D96: =TEXT(ROUND(E96,3),"#,#")&"_"&TEXT(B96,"0,##") -> 3,3_0,25 | E96: 3.3043 | F96: 0.30474 | G96: 5.5611 | H96: 0.13828 | I96: =G96/E96 -> 1.6829888 | J96: =F96*E96 -> 1.0069524 | K96: =H96*G96 -> 0.76898891 | L96: =J96-K96 -> 0.23796347 | M96: =K96/J96 -> 0.76367952 | N96: 40
B97: 0.25 | C97: =1/(1-2*B97) -> 2 | D97: =TEXT(ROUND(E97,3),"#,#")&"_"&TEXT(B97,"0,##") -> 3,3_0,25 | E97: 3.3005 | F97: 0.569 | G97: 5.3716 | H97: 0.2666 | I97: =G97/E97 -> 1.627511 | J97: =F97*E97 -> 1.8779845 | K97: =H97*G97 -> 1.4320686 | L97: =J97-K97 -> 0.44591594 | M97: =K97/J97 -> 0.76255611 | N97: 20
B98: 0.25 | C98: =1/(1-2*B98) -> 2 | D98: =TEXT(ROUND(E98,3),"#,#")&"_"&TEXT(B98,"0,##") -> 3,3_0,25 | E98: 3.3041 | F98: 1.065 | G98: 5.1497 | H98: 0.5079 | I98: =G98/E98 -> 1.5585787 | J98: =F98*E98 -> 3.5188665 | K98: =H98*G98 -> 2.6155326 | L98: =J98-K98 -> 0.90333387 | M98: =K98/J98 -> 0.74328839 | N98: 10
B99: 0.25 | C99: =1/(1-2*B99) -> 2 | D99: =TEXT(ROUND(E99,3),"#,#")&"_"&TEXT(B99,"0,##") -> 3,3_0,25 | E99: 3.3001 | F99: 1.9535 | G99: 4.8224 | H99: 0.9405 | I99: =G99/E99 -> 1.4612891 | J99: =F99*E99 -> 6.4467454 | K99: =H99*G99 -> 4.5354672 | L99: =J99-K99 -> 1.9112782 | M99: =K99/J99 -> 0.70352821 | N99: 5
B100: 0.25 | C100: =1/(1-2*B100) -> 2 | D100: =TEXT(ROUND(E100,3),"#,#")&"_"&TEXT(B100,"0,##") -> 3,3_0,25 | E100: 3.3 | F100: 4.979 | G100: 3.904 | H100: 2.419 | I100: =G100/E100 -> 1.1830303 | J100: =F100*E100 -> 16.4307 | K100: =H100*G100 -> 9.443776 | L100: =J100-K100 -> 6.986924 | M100: =K100/J100 -> 0.57476407 | N100: 1.5
B102: 0.25 | C102: =1/(1-2*B102) -> 2 | D102: =TEXT(ROUND(E102,3),"#")&"_"&TEXT(B102,"0,##") -> 5_0,25 | E102: 5.0013 | F102: 0.49233 | G102: 9.04 | H102: 0.22508 | I102: =G102/E102 -> 1.80753 | J102: =F102*E102 -> 2.46229 | K102: =H102*G102 -> 2.0347232 | L102: =J102-K102 -> 0.42756683 | M102: =K102/J102 -> 0.82635399 | N102: 40
B103: 0.25 | C103: =1/(1-2*B103) -> 2 | D103: =TEXT(ROUND(E103,3),"#")&"_"&TEXT(B103,"0,##") -> 5_0,25 | E103: 5.0001 | F103: 0.92894 | G103: 8.778 | H103: 0.43643 | I103: =G103/E103 -> 1.7555649 | J103: =F103*E103 -> 4.6447929 | K103: =H103*G103 -> 3.8309825 | L103: =J103-K103 -> 0.81381035 | M103: =K103/J103 -> 0.82479082 | N103: 20
B104: 0.25 | C104: =1/(1-2*B104) -> 2 | D104: =TEXT(ROUND(E104,3),"#")&"_"&TEXT(B104,"0,##") -> 5_0,25 | E104: 5.0038 | F104: 1.7473 | G104: 8.45 | H104: 0.834 | I104: =G104/E104 -> 1.6887166 | J104: =F104*E104 -> 8.7431397 | K104: =H104*G104 -> 7.0473 | L104: =J104-K104 -> 1.6958397 | M104: =K104/J104 -> 0.80603767 | N104: 10
B105: 0.25 | C105: =1/(1-2*B105) -> 2 | D105: =TEXT(ROUND(E105,3),"#")&"_"&TEXT(B105,"0,##") -> 5_0,25 | E105: 5.0054 | F105: 3.227 | G105: 7.946 | H105: 1.552 | I105: =G105/E105 -> 1.5874855 | J105: =F105*E105 -> 16.152426 | K105: =H105*G105 -> 12.332192 | L105: =J105-K105 -> 3.8202338 | M105: =K105/J105 -> 0.76348854 | N105: 5
B106: 0.25 | C106: =1/(1-2*B106) -> 2 | D106: =TEXT(ROUND(E106,3),"#")&"_"&TEXT(B106,"0,##") -> 5_0,25 | E106: 5.036 | F106: 5.7794 | G106: 7.312 | H106: 2.7906 | I106: =G106/E106 -> 1.451946 | J106: =F106*E106 -> 29.105058 | K106: =H106*G106 -> 20.404867 | L106: =J106-K106 -> 8.7001912 | M106: =K106/J106 -> 0.70107632 | N106: 2.5
B108: 0.25 | C108: =1/(1-2*B108) -> 2 | D108: =TEXT(ROUND(E108,3),"#")&"_"&TEXT(B108,"0,##") -> 9_0,25 | E108: 9.016 | F108: 0.75556 | G108: 17.272 | H108: 0.34379 | I108: =G108/E108 -> 1.9157054 | J108: =F108*E108 -> 6.812129 | K108: =H108*G108 -> 5.9379409 | L108: =J108-K108 -> 0.87418808 | M108: =K108/J108 -> 0.87167182 | N108: 50
B109: 0.25 | C109: =1/(1-2*B109) -> 2 | D109: =TEXT(ROUND(E109,3),"#")&"_"&TEXT(B109,"0,##") -> 9_0,25 | E109: 9.0123 | F109: 1.43925 | G109: 16.898 | H109: 0.6739 | I109: =G109/E109 -> 1.8749931 | J109: =F109*E109 -> 12.970953 | K109: =H109*G109 -> 11.387562 | L109: =J109-K109 -> 1.5833906 | M109: =K109/J109 -> 0.87792797 | N109: 25
B110: 0.25 | C110: =1/(1-2*B110) -> 2 | D110: =TEXT(ROUND(E110,3),"#")&"_"&TEXT(B110,"0,##") -> 9_0,25 | E110: 9.0149 | F110: 2.7377 | G110: 16.4045 | H110: 1.3009 | I110: =G110/E110 -> 1.8197096 | J110: =F110*E110 -> 24.680092 | K110: =H110*G110 -> 21.340614 | L110: =J110-K110 -> 3.3394777 | M110: =K110/J110 -> 0.86468941 | N110: 12.5
B111: 0.25 | C111: =1/(1-2*B111) -> 2 | D111: =TEXT(ROUND(E111,3),"#")&"_"&TEXT(B111,"0,##") -> 9_0,25 | E111: 9.0166 | F111: 5.7855 | G111: 15.541 | H111: 2.7704 | I111: =G111/E111 -> 1.7235987 | J111: =F111*E111 -> 52.165539 | K111: =H111*G111 -> 43.054786 | L111: =J111-K111 -> 9.1107529 | M111: =K111/J111 -> 0.82534921 | N111: 5.5
B113: 0.25 | C113: =1/(1-2*B113) -> 2 | D113: =TEXT(ROUND(E113,3),"#")&"_"&TEXT(B113,"0,##") -> 12_0,25 | E113: 12.024 | F113: 1.0236 | G113: 23.388 | H113: 0.46722 | I113: =G113/E113 -> 1.9451098 | J113: =F113*E113 -> 12.307766 | K113: =H113*G113 -> 10.927341 | L113: =J113-K113 -> 1.380425 | M113: =K113/J113 -> 0.88784114 | N113: 50
B114: 0.25 | C114: =1/(1-2*B114) -> 2 | D114: =TEXT(ROUND(E114,3),"#")&"_"&TEXT(B114,"0,##") -> 12_0,25 | E114: 12.0354 | F114: 1.9558 | G114: 22.978 | H114: 0.91607 | I114: =G114/E114 -> 1.9092012 | J114: =F114*E114 -> 23.538835 | K114: =H114*G114 -> 21.049456 | L114: =J114-K114 -> 2.4893789 | M114: =K114/J114 -> 0.89424375 | N114: 25
B115: 0.25 | C115: =1/(1-2*B115) -> 2 | D115: =TEXT(ROUND(E115,3),"#")&"_"&TEXT(B115,"0,##") -> 12_0,25 | E115: 12.033 | F115: 3.737 | G115: 22.333 | H115: 1.7734 | I115: =G115/E115 -> 1.8559794 | J115: =F115*E115 -> 44.967321 | K115: =H115*G115 -> 39.605342 | L115: =J115-K115 -> 5.3619788 | M115: =K115/J115 -> 0.88075832 | N115: 12.5
... B121: 0.25 | C121: =1/(1-2*B121) -> 2 | D121: =TEXT(ROUND(E121,3),"#")&"_"&TEXT(B121,"0,##") -> 24_0,25 | E121: 24.003 | F121: 4.0422 | G121: 47.274 | H121: 1.8869 | I121: =G121/E121 -> 1.9695038 | J121: =F121*E121 -> 97.024927 | K121: =H121*G121 -> 89.201311 | L121: =J121-K121 -> 7.823616 | M121: =K121/J121 -> 0.91936489 | N121: 25
B123: =1/3 -> 0.33333333 | C123: =1/(1-2*B123) -> 3 | D123: =TEXT(ROUND(E123,3),"#,#")&"_"&TEXT(B123,"0,##") -> 3,3_0,33 | E123: 3.3051 | F123: 0.47192 | G123: 8.3603 | H123: 0.13905 | I123: =G123/E123 -> 2.529515 | J123: =F123*E123 -> 1.5597428 | K123: =H123*G123 -> 1.1624997 | L123: =J123-K123 -> 0.39724308 | M123: =K123/J123 -> 0.74531501 | N123: 60
B124: =1/3 -> 0.33333333 | C124: =1/(1-2*B124) -> 3 | D124: =TEXT(ROUND(E124,3),"#,#")&"_"&TEXT(B124,"0,##") -> 3,3_0,33 | E124: 3.3005 | F124: 0.86361 | G124: 8.0223 | H124: 0.26666 | I124: =G124/E124 -> 2.4306317 | J124: =F124*E124 -> 2.8503448 | K124: =H124*G124 -> 2.1392265 | L124: =J124-K124 -> 0.71111829 | M124: =K124/J124 -> 0.750515 | N124: 30
B125: =1/3 -> 0.33333333 | C125: =1/(1-2*B125) -> 3 | D125: =TEXT(ROUND(E125,3),"#,#")&"_"&TEXT(B125,"0,##") -> 3,3_0,33 | E125: 3.3084 | F125: 1.5908 | G125: 7.602 | H125: 0.50354 | I125: =G125/E125 -> 2.2977875 | J125: =F125*E125 -> 5.2630027 | K125: =H125*G125 -> 3.8279111 | L125: =J125-K125 -> 1.4350916 | M125: =K125/J125 -> 0.72732455 | N125: 15
B126: =1/3 -> 0.33333333 | C126: =1/(1-2*B126) -> 3 | D126: =TEXT(ROUND(E126,3),"#,#")&"_"&TEXT(B126,"0,##") -> 3,3_0,33 | E126: 3.30685 | F126: 3.92251 | G126: 6.4688 | H126: 1.26309 | I126: =G126/E126 -> 1.9561819 | J126: =F126*E126 -> 12.971152 | K126: =H126*G126 -> 8.1706766 | L126: =J126-K126 -> 4.8004756 | M126: =K126/J126 -> 0.6299114 | N126: 5
B127: =1/3 -> 0.33333333 | C127: =1/(1-2*B127) -> 3 | D127: =TEXT(ROUND(E127,3),"#,#")&"_"&TEXT(B127,"0,##") -> 3,3_0,33 | E127: 3.3004 | F127: 5.108 | G127: 5.966 | H127: 1.652 | I127: =G127/E127 -> 1.8076597 | J127: =F127*E127 -> 16.858443 | K127: =H127*G127 -> 9.855832 | L127: =J127-K127 -> 7.0026112 | M127: =K127/J127 -> 0.5846229 | N127: 3.5
B129: =1/3 -> 0.33333333 | C129: =1/(1-2*B129) -> 3 | D129: =TEXT(ROUND(E129,3),"#")&"_"&TEXT(B129,"0,##") -> 5_0,33 | E129: 5.0019 | F129: 0.75396 | G129: 13.534 | H129: 0.22379 | I129: =G129/E129 -> 2.7057718 | J129: =F129*E129 -> 3.7712325 | K129: =H129*G129 -> 3.0287739 | L129: =J129-K129 -> 0.74245866 | M129: =K129/J129 -> 0.80312573 | N129: 60
B130: =1/3 -> 0.33333333 | C130: =1/(1-2*B130) -> 3 | D130: =TEXT(ROUND(E130,3),"#")&"_"&TEXT(B130,"0,##") -> 5_0,33 | E130: 5.0084 | F130: 1.4017 | G130: 13.068 | H130: 0.43364 | I130: =G130/E130 -> 2.6092165 | J130: =F130*E130 -> 7.0202743 | K130: =H130*G130 -> 5.6668075 | L130: =J130-K130 -> 1.3534668 | M130: =K130/J130 -> 0.807206 | N130: 30
B131: =1/3 -> 0.33333333 | C131: =1/(1-2*B131) -> 3 | D131: =TEXT(ROUND(E131,3),"#")&"_"&TEXT(B131,"0,##") -> 5_0,33 | E131: 5.0107 | F131: 2.5924 | G131: 12.39 | H131: 0.8193 | I131: =G131/E131 -> 2.4727084 | J131: =F131*E131 -> 12.989739 | K131: =H131*G131 -> 10.151127 | L131: =J131-K131 -> 2.8386117 | M131: =K131/J131 -> 0.78147276 | N131: 15
B132: =1/3 -> 0.33333333 | C132: =1/(1-2*B132) -> 3 | D132: =TEXT(ROUND(E132,3),"#")&"_"&TEXT(B132,"0,##") -> 5_0,33 | E132: 5.0045 | F132: 6.0795 | G132: 10.942 | H132: 1.9478 | I132: =G132/E132 -> 2.1864322 | J132: =F132*E132 -> 30.424858 | K132: =H132*G132 -> 21.312828 | L132: =J132-K132 -> 9.1120302 | M132: =K132/J132 -> 0.70050706 | N132: 5.5
B134: =1/3 -> 0.33333333 | C134: =1/(1-2*B134) -> 3 | D134: =TEXT(ROUND(E134,3),"#")&"_"&TEXT(B134,"0,##") -> 9_0,33 | E134: 9.0006 | F134: 1.32908 | G134: 25.637 | H134: 0.39458 | I134: =G134/E134 -> 2.8483657 | J134: =F134*E134 -> 11.962517 | K134: =H134*G134 -> 10.115847 | L134: =J134-K134 -> 1.84667 | M134: =K134/J134 -> 0.84562865 | N134: 65
B135: =1/3 -> 0.33333333 | C135: =1/(1-2*B135) -> 3 | D135: =TEXT(ROUND(E135,3),"#")&"_"&TEXT(B135,"0,##") -> 9_0,33 | E135: 9.004 | F135: 2.6728 | G135: 24.815 | H135: 0.82537 | I135: =G135/E135 -> 2.7559973 | J135: =F135*E135 -> 24.065891 | K135: =H135*G135 -> 20.481557 | L135: =J135-K135 -> 3.5843346 | M135: =K135/J135 -> 0.85106163 | N135: 30
B136: =1/3 -> 0.33333333 | C136: =1/(1-2*B136) -> 3 | D136: =TEXT(ROUND(E136,3),"#")&"_"&TEXT(B136,"0,##") -> 9_0,33 | E136: 9.0096 | F136: 5.0253 | G136: 23.81 | H136: 1.5778 | I136: =G136/E136 -> 2.6427366 | J136: =F136*E136 -> 45.275943 | K136: =H136*G136 -> 37.567418 | L136: =J136-K136 -> 7.7085249 | M136: =K136/J136 -> 0.82974347 | N136: 15
B137: =1/3 -> 0.33333333 | C137: =1/(1-2*B137) -> 3 | D137: =TEXT(ROUND(E137,3),"#")&"_"&TEXT(B137,"0,##") -> 9_0,33 | E137: 9.005 | F137: 5.9269 | G137: 23.493 | H137: 1.8667 | I137: =G137/E137 -> 2.608884 | J137: =F137*E137 -> 53.371735 | K137: =H137*G137 -> 43.854383 | L137: =J137-K137 -> 9.5173514 | M137: =K137/J137 -> 0.82167806 | N137: 12.5
B139: =1/3 -> 0.33333333 | C139: =1/(1-2*B139) -> 3 | D139: =TEXT(ROUND(E139,3),"#")&"_"&TEXT(B139,"0,##") -> 12_0,33 | E139: 12.0033 | F139: 1.8037 | G139: 34.853 | H139: 0.53569 | I139: =G139/E139 -> 2.9036182 | J139: =F139*E139 -> 21.650352 | K139: =H139*G139 -> 18.670404 | L139: =J139-K139 -> 2.9799486 | M139: =K139/J139 -> 0.86236027 | N139: 65
B140: =1/3 -> 0.33333333 | C140: =1/(1-2*B140) -> 3 | D140: =TEXT(ROUND(E140,3),"#")&"_"&TEXT(B140,"0,##") -> 12_0,33 | E140: 12.013 | F140: 2.80682 | G140: 34.251 | H140: 0.85526 | I140: =G140/E140 -> 2.8511612 | J140: =F140*E140 -> 33.718329 | K140: =H140*G140 -> 29.29351 | L140: =J140-K140 -> 4.4248184 | M140: =K140/J140 -> 0.86877112 | N140: 40
B141: =1/3 -> 0.33333333 | C141: =1/(1-2*B141) -> 3 | D141: =TEXT(ROUND(E141,3),"#")&"_"&TEXT(B141,"0,##") -> 12_0,33 | E141: 12.021 | F141: 5.3066 | G141: 33.124 | H141: 1.6508 | I141: =G141/E141 -> 2.7555112 | J141: =F141*E141 -> 63.790639 | K141: =H141*G141 -> 54.681099 | L141: =J141-K141 -> 9.1095394 | M141: =K141/J141 -> 0.8571963 | N141: 20
B142: =1/3 -> 0.33333333 | C142: =1/(1-2*B142) -> 3 | D142: =TEXT(ROUND(E142,3),"#")&"_"&TEXT(B142,"0,##") -> 12_0,33 | E142: 12.002 | F142: 5.9826 | G142: 32.793 | H142: 1.8661 | I142: =G142/E142 -> 2.7322946 | J142: =F142*E142 -> 71.803165 | K142: =H142*G142 -> 61.195017 | L142: =J142-K142 -> 10.608148 | M142: =K142/J142 -> 0.85226072 | N142: 17.5
... B145: =1/3 -> 0.33333333 | C145: =1/(1-2*B145) -> 3 | D145: =TEXT(ROUND(E145,3),"#")&"_"&TEXT(B145,"0,##") -> 24_0,33 | E145: 24.0362 | F145: 4.764 | G145: 71.25 | H145: 1.4293 | I145: =G145/E145 -> 2.9642789 | J145: =F145*E145 -> 114.50846 | K145: =H145*G145 -> 101.83763 | L145: =J145-K145 -> 12.670832 | M145: =K145/J145 -> 0.88934589 | N145: 50
B147: =3/8 -> 0.375 | C147: =1/(1-2*B147) -> 4 | D147: =TEXT(ROUND(E147,3),"#,#")&"_"&TEXT(B147,"0,###") -> 3,3_0,375 | E147: 3.3002 | F147: 0.69629 | G147: 11.566 | H147: 0.144267 | I147: =G147/E147 -> 3.5046361 | J147: =F147*E147 -> 2.2978963 | K147: =H147*G147 -> 1.6685921 | L147: =J147-K147 -> 0.62930414 | M147: =K147/J147 -> 0.72613901 | N147: 80
B148: =3/8 -> 0.375 | C148: =1/(1-2*B148) -> 4 | D148: =TEXT(ROUND(E148,3),"#,#")&"_"&TEXT(B148,"0,###") -> 3,3_0,375 | E148: 3.301 | F148: 1.2586 | G148: 11.087 | H148: 0.276245 | I148: =G148/E148 -> 3.3586792 | J148: =F148*E148 -> 4.1546386 | K148: =H148*G148 -> 3.0627283 | L148: =J148-K148 -> 1.0919103 | M148: =K148/J148 -> 0.73718285 | N148: 40
B149: =3/8 -> 0.375 | C149: =1/(1-2*B149) -> 4 | D149: =TEXT(ROUND(E149,3),"#,#")&"_"&TEXT(B149,"0,###") -> 3,3_0,375 | E149: 3.3021 | F149: 2.2891 | G149: 10.394 | H149: 0.51825 | I149: =G149/E149 -> 3.1476939 | J149: =F149*E149 -> 7.5588371 | K149: =H149*G149 -> 5.3866905 | L149: =J149-K149 -> 2.1721466 | M149: =K149/J149 -> 0.71263482 | N149: 20
B150: =3/8 -> 0.375 | C150: =1/(1-2*B150) -> 4 | D150: =TEXT(ROUND(E150,3),"#,#")&"_"&TEXT(B150,"0,###") -> 3,3_0,375 | E150: 3.3003 | F150: 4.0577 | G150: 9.412 | H150: 0.93318 | I150: =G150/E150 -> 2.851862 | J150: =F150*E150 -> 13.391627 | K150: =H150*G150 -> 8.7830902 | L150: =J150-K150 -> 4.6085371 | M150: =K150/J150 -> 0.65586429 | N150: 10
B151: =3/8 -> 0.375 | C151: =1/(1-2*B151) -> 4 | D151: =TEXT(ROUND(E151,3),"#,#")&"_"&TEXT(B151,"0,###") -> 3,3_0,375 | E151: 3.306 | F151: 6.161 | G151: 8.705 | H151: 1.426 | I151: =G151/E151 -> 2.6330913 | J151: =F151*E151 -> 20.368266 | K151: =H151*G151 -> 12.41333 | L151: =J151-K151 -> 7.954936 | M151: =K151/J151 -> 0.60944461 | N151: 6
B153: =3/8 -> 0.375 | C153: =1/(1-2*B153) -> 4 | D153: =TEXT(ROUND(E153,3),"#")&"_"&TEXT(B153,"0,###") -> 5_0,375 | E153: 5.0096 | F153: 1.0171 | G153: 18.856 | H153: 0.20931 | I153: =G153/E153 -> 3.7639732 | J153: =F153*E153 -> 5.0952642 | K153: =H153*G153 -> 3.9467494 | L153: =J153-K153 -> 1.1485148 | M153: =K153/J153 -> 0.77459171 | N153: 90
...

Sheet Wirkungsgradkurven
B1: Wirkungsgradkurven
B4: U1 und U2 werden nährungsweise Konstant gehalten, Converter im dcm und ccm Betrieb je nach Last
B5: Thermische EInschwingzeit: 2-5 min | N5: SerienWdst des Kabels ist hier nicht mit erfasst
B6: Ansteuerung | C6: Betriebszustand | D6: Messung | E6: Messwerte | I6: Rechenwerte | N6: Stellwert | O6: Referenz [M_d_Vin_Vout_Pout]
B7: d | C7: M | D7: Name | E7: U1 [V] | F7: I1 [A] | G7: U2 [V] | H7: I2 [A] | I7: U2/U1 | J7: P1 [W] | K7: P2 [W] | L7: Pdiff [W] | M7: P2/P1 | N7: R_L [Ω]
B8: 0.3 | C8: dcm | D8: =TEXT(ROUND(E8,3),"#,#")&"_"&TEXT(G8,"0") -> 3,3_12 | E8: 3.3047 | F8: 0.43557 | G8: 12.045 | H8: 0.08339 | I8: =G8/E8 -> 3.6448089 | J8: =F8*E8 -> 1.4394282 | K8: =H8*G8 -> 1.0044325 | L8: =J8-K8 -> 0.43499563 | M8: =K8/J8 -> 0.6977997 | N8: 144
B9: 0.383 | C9: ccm | D9: =TEXT(ROUND(E9,3),"#,#")&"_"&TEXT(G9,"0") -> 3,3_12 | E9: 3.3044 | F9: 1.0506 | G9: 12.1 | H9: 0.20949 | I9: =G9/E9 -> 3.6617843 | J9: =F9*E9 -> 3.4716026 | K9: =H9*G9 -> 2.534829 | L9: =J9-K9 -> 0.93677364 | M9: =K9/J9 -> 0.73016104 | N9: 57.6
B10: 0.3885 | C10: ccm | D10: =TEXT(ROUND(E10,3),"#,#")&"_"&TEXT(G10,"0") -> 3,3_12 | E10: 3.306 | F10: 2.11661 | G10: 12.05 | H10: 0.41756 | I10: =G10/E10 -> 3.6448881 | J10: =F10*E10 -> 6.9975127 | K10: =H10*G10 -> 5.031598 | L10: =J10-K10 -> 1.9659147 | M10: =K10/J10 -> 0.71905522 | N10: 28.8
B11: 0.3955 | C11: ccm | D11: =TEXT(ROUND(E11,3),"#,#")&"_"&TEXT(G11,"0") -> 3,3_12 | E11: 3.302 | F11: 3.3538 | G11: 12.052 | H11: 0.6257 | I11: =G11/E11 -> 3.6499091 | J11: =F11*E11 -> 11.074248 | K11: =H11*G11 -> 7.5409364 | L11: =J11-K11 -> 3.5333112 | M11: =K11/J11 -> 0.68094345 | N11: 19.2
B12: 0.4015 | C12: ccm | D12: =TEXT(ROUND(E12,3),"#,#")&"_"&TEXT(G12,"0") -> 3,3_12 | E12: 3.303 | F12: 4.711 | G12: 12.024 | H12: 0.83157 | I12: =G12/E12 -> 3.640327 | J12: =F12*E12 -> 15.560433 | K12: =H12*G12 -> 9.9987977 | L12: =J12-K12 -> 5.5616353 | M12: =K12/J12 -> 0.64257837 | N12: 14.4
B13: 0.404 | C13: ccm | D13: =TEXT(ROUND(E13,3),"#,#")&"_"&TEXT(G13,"0") -> 3,3_12 | E13: 3.304 | F13: 5.823 | G13: 12.048 | H13: 0.9977 | I13: =G13/E13 -> 3.6464891 | J13: =F13*E13 -> 19.239192 | K13: =H13*G13 -> 12.02029 | L13: =J13-K13 -> 7.2189024 | M13: =K13/J13 -> 0.62478141 | N13: 12
B15: 0.273 | C15: dcm | D15: =TEXT(ROUND(E15,3),"#,#")&"_"&TEXT(G15,"0") -> 3,3_24 | E15: 3.303 | F15: 0.6016 | G15: 24.085 | H15: 0.04814 | I15: =G15/E15 -> 7.2918559 | J15: =F15*E15 -> 1.9870848 | K15: =H15*G15 -> 1.1594519 | L15: =J15-K15 -> 0.8276329 | M15: =K15/J15 -> 0.58349392 | N15: 500 | O15: =C15&"_"&TEXT(B15,"0,####")&"_"&TEXT(ROUND(E15,3),"#,#")&"_"&TEXT(G15,"0")&"_"&TEXT(ROUND(K15,1),"0,##") -> dcm_0,273_3,3_24_1,2
B16: 0.436 | C16: ccm | D16: =TEXT(ROUND(E16,3),"#,#")&"_"&TEXT(G16,"0") -> 3,3_24 | E16: 3.305 | F16: 1.268 | G16: 24.145 | H16: 0.1053 | I16: =G16/E16 -> 7.3055976 | J16: =F16*E16 -> 4.19074 | K16: =H16*G16 -> 2.5424685 | L16: =J16-K16 -> 1.6482715 | M16: =K16/J16 -> 0.60668724 | N16: 230
B17: 0.4395 | C17: ccm | D17: =TEXT(ROUND(E17,3),"#,#")&"_"&TEXT(G17,"0") -> 3,3_24 | E17: 3.304 | F17: 2.383 | G17: 24.04 | H17: 0.20924 | I17: =G17/E17 -> 7.2760291 | J17: =F17*E17 -> 7.873432 | K17: =H17*G17 -> 5.0301296 | L17: =J17-K17 -> 2.8433024 | M17: =K17/J17 -> 0.63887382 | N17: 115
B18: 0.4425 | C18: ccm | D18: =TEXT(ROUND(E18,3),"#,#")&"_"&TEXT(G18,"0") -> 3,3_24 | E18: 3.306 | F18: 3.6506 | G18: 24.01 | H18: 0.31527 | I18: =G18/E18 -> 7.2625529 | J18: =F18*E18 -> 12.068884 | K18: =H18*G18 -> 7.5696327 | L18: =J18-K18 -> 4.4992509 | M18: =K18/J18 -> 0.6272024 | N18: 76
B19: 0.4453 | C19: ccm | D19: =TEXT(ROUND(E19,3),"#,#")&"_"&TEXT(G19,"0") -> 3,3_24 | E19: 3.3047 | F19: 5.0006 | G19: 24.06 | H19: 0.41422 | I19: =G19/E19 -> 7.2805398 | J19: =F19*E19 -> 16.525483 | K19: =H19*G19 -> 9.9661332 | L19: =J19-K19 -> 6.5593496 | M19: =K19/J19 -> 0.60307667 | N19: 58
B20: 0.4473 | C20: ccm | D20: =TEXT(ROUND(E20,3),"#,#")&"_"&TEXT(G20,"0") -> 3,3_24 | E20: 3.3055 | F20: 6.038 | G20: 24.17 | H20: 0.4828 | I20: =G20/E20 -> 7.3120557 | J20: =F20*E20 -> 19.958609 | K20: =H20*G20 -> 11.669276 | L20: =J20-K20 -> 8.289333 | M20: =K20/J20 -> 0.58467381 | N20: 50
B22: 0.123 | C22: dcm | D22: =TEXT(ROUND(E22,3),"#,#")&"_"&TEXT(G22,"0") -> 5,_12 | E22: 5.00292 | F22: 0.12282 | G22: 12.081 | H22: 0.03993 | I22: =G22/E22 -> 2.4147898 | J22: =F22*E22 -> 0.61445863 | K22: =H22*G22 -> 0.48239433 | L22: =J22-K22 -> 0.1320643 | M22: =K22/J22 -> 0.7850721 | N22: 300 | O22: =C22&"_"&TEXT(B22,"0,####")&"_"&TEXT(ROUND(E22,3),"#,#")&"_"&TEXT(G22,"0")&"_"&TEXT(ROUND(K22,1),"0,##") -> dcm_0,123_5,_12_0,5
B23: 0.185 | C23: dcm | D23: =TEXT(ROUND(E23,3),"#,#")&"_"&TEXT(G23,"0") -> 5,_12 | E23: 5.0054 | F23: 0.2496 | G23: 12.009 | H23: 0.083146 | I23: =G23/E23 -> 2.3992089 | J23: =F23*E23 -> 1.2493478 | K23: =H23*G23 -> 0.99850031 | L23: =J23-K23 -> 0.25084753 | M23: =K23/J23 -> 0.79921723 | N23: 144
B24: 0.3085 | C24: ccm | D24: =TEXT(ROUND(E24,3),"#,#")&"_"&TEXT(G24,"0") -> 5,_12 | E24: 5.0016 | F24: 0.61339 | G24: 12.01 | H24: 0.20703 | I24: =G24/E24 -> 2.4012316 | J24: =F24*E24 -> 3.0679314 | K24: =H24*G24 -> 2.4864303 | L24: =J24-K24 -> 0.58150112 | M24: =K24/J24 -> 0.81045824 | N24: 57.6
B25: 0.3135 | C25: ccm | D25: =TEXT(ROUND(E25,3),"#,#")&"_"&TEXT(G25,"0") -> 5,_12 | E25: 5.005 | F25: 1.21568 | G25: 12.004 | H25: 0.41526 | I25: =G25/E25 -> 2.3984016 | J25: =F25*E25 -> 6.0844784 | K25: =H25*G25 -> 4.984781 | L25: =J25-K25 -> 1.0996974 | M25: =K25/J25 -> 0.81926185 | N25: 28.8
B26: 0.317 | C26: ccm | D26: =TEXT(ROUND(E26,3),"#,#")&"_"&TEXT(G26,"0") -> 5,_12 | E26: 5.008 | F26: 1.8346 | G26: 12.01 | H26: 0.62273 | I26: =G26/E26 -> 2.3981629 | J26: =F26*E26 -> 9.1876768 | K26: =H26*G26 -> 7.4789873 | L26: =J26-K26 -> 1.7086895 | M26: =K26/J26 -> 0.81402377 | N26: 19.2
B27: 0.3206 | C27: ccm | D27: =TEXT(ROUND(E27,3),"#,#")&"_"&TEXT(G27,"0") -> 5,_12 | E27: 5.005 | F27: 2.479 | G27: 12.0125 | H27: 0.8289 | I27: =G27/E27 -> 2.4000999 | J27: =F27*E27 -> 12.407395 | K27: =H27*G27 -> 9.9571612 | L27: =J27-K27 -> 2.4502338 | M27: =K27/J27 -> 0.80251828 | N27: 14.4
B28: 0.338 | C28: ccm | D28: =TEXT(ROUND(E28,3),"#,#")&"_"&TEXT(G28,"0") -> 5,_12 | E28: 5.003 | F28: 5.9295 | G28: 12.36 | H28: 1.8026 | I28: =G28/E28 -> 2.4705177 | J28: =F28*E28 -> 29.665288 | K28: =H28*G28 -> 22.280136 | L28: =J28-K28 -> 7.3851525 | M28: =K28/J28 -> 0.75105071 | N28: 6.6
B30: 0.179 | C30: dcm | D30: =TEXT(ROUND(E30,3),"#,#")&"_"&TEXT(G30,"0") -> 5,_24 | E30: 5.01033 | F30: 0.320216 | G30: 24.023 | H30: 0.048025 | I30: =G30/E30 -> 4.7946942 | J30: =F30*E30 -> 1.6043878 | K30: =H30*G30 -> 1.1537046 | L30: =J30-K30 -> 0.45068326 | M30: =K30/J30 -> 0.71909332 | N30: 500
B31: 0.292 | C31: dcm | D31: =TEXT(ROUND(E31,3),"#,#")&"_"&TEXT(G31,"0") -> 5,_24 | E31: 5.004 | F31: 0.663 | G31: 24.06 | H31: 0.1044 | I31: =G31/E31 -> 4.8081535 | J31: =F31*E31 -> 3.317652 | K31: =H31*G31 -> 2.511864 | L31: =J31-K31 -> 0.805788 | M31: =K31/J31 -> 0.757121 | N31: 230
B32: 0.4004 | C32: ccm | D32: =TEXT(ROUND(E32,3),"#,#")&"_"&TEXT(G32,"0") -> 5,_24 | E32: 5.003 | F32: 1.3392 | G32: 24.007 | H32: 0.20845 | I32: =G32/E32 -> 4.7985209 | J32: =F32*E32 -> 6.7000176 | K32: =H32*G32 -> 5.0042592 | L32: =J32-K32 -> 1.6957584 | M32: =K32/J32 -> 0.74690239 | N32: 115
B33: 0.4028 | C33: ccm | D33: =TEXT(ROUND(E33,3),"#,#")&"_"&TEXT(G33,"0") -> 5,_24 | E33: 5.0043 | F33: 1.9937 | G33: 24.032 | H33: 0.31616 | I33: =G33/E33 -> 4.80227 | J33: =F33*E33 -> 9.9770729 | K33: =H33*G33 -> 7.5979571 | L33: =J33-K33 -> 2.3791158 | M33: =K33/J33 -> 0.76154171 | N33: 76
B34: 0.4038 | C34: ccm | D34: =TEXT(ROUND(E34,3),"#,#")&"_"&TEXT(G34,"0") -> 5,_24 | E34: 5.0145 | F34: 2.5888 | G34: 24.028 | H34: 0.4137 | I34: =G34/E34 -> 4.7917041 | J34: =F34*E34 -> 12.981538 | K34: =H34*G34 -> 9.9403836 | L34: =J34-K34 -> 3.041154 | M34: =K34/J34 -> 0.76573237 | N34: 58
B35: 0.4115 | C35: ccm | D35: =TEXT(ROUND(E35,3),"#,#")&"_"&TEXT(G35,"0") -> 5,_24 | E35: 5.011 | F35: 5.4737 | G35: 24.034 | H35: 0.82755 | I35: =G35/E35 -> 4.7962483 | J35: =F35*E35 -> 27.428711 | K35: =H35*G35 -> 19.889337 | L35: =J35-K35 -> 7.539374 | M35: =K35/J35 -> 0.72512839 | N35: 29
B37: 0.2303 | C37: dcm | D37: =TEXT(ROUND(E37,3),"#,#")&"_"&TEXT(G37,"0") -> 5,_48 | E37: 5 | F37: 0.8177 | G37: 48.015 | H37: 0.0482 | I37: =G37/E37 -> 9.603 | J37: =F37*E37 -> 4.0885 | K37: =H37*G37 -> 2.314323 | L37: =J37-K37 -> 1.774177 | M37: =K37/J37 -> 0.56605674 | N37: 1000 | O37: =C37&"_"&TEXT(B37,"0,####")&"_"&TEXT(ROUND(E37,3),"#,#")&"_"&TEXT(G37,"0")&"_"&TEXT(ROUND(K37,1),"0,##") -> dcm_0,2303_5,_48_2,3 | P37: passiver wdst
B38: 0.3722 | C38: dcm | D38: =TEXT(ROUND(E38,3),"#,#")&"_"&TEXT(G38,"0") -> 5,_48 | E38: 5.0028 | F38: 1.8003 | G38: 48.07 | H38: 0.104 | I38: =G38/E38 -> 9.6086192 | J38: =F38*E38 -> 9.0065408 | K38: =H38*G38 -> 4.99928 | L38: =J38-K38 -> 4.0072608 | M38: =K38/J38 -> 0.55507215 | N38: 460
B39: 0.4465 | C39: ccm | D39: =TEXT(ROUND(E39,3),"#,#")&"_"&TEXT(G39,"0") -> 5,_48 | E39: 5.0025 | F39: 2.531 | G39: 48.077 | H39: 0.15589 | I39: =G39/E39 -> 9.6105947 | J39: =F39*E39 -> 12.661328 | K39: =H39*G39 -> 7.4947235 | L39: =J39-K39 -> 5.166604 | M39: =K39/J39 -> 0.59193821 | N39: 307
B40: 0.4475 | C40: ccm | D40: =TEXT(ROUND(E40,3),"#,#")&"_"&TEXT(G40,"0") -> 5,_48 | E40: 5.007 | F40: 3.242 | G40: 48.07 | H40: 0.2077 | I40: =G40/E40 -> 9.6005592 | J40: =F40*E40 -> 16.232694 | K40: =H40*G40 -> 9.984139 | L40: =J40-K40 -> 6.248555 | M40: =K40/J40 -> 0.61506359 | N40: 230
B41: 0.4508 | C41: ccm | D41: =TEXT(ROUND(E41,3),"#,#")&"_"&TEXT(G41,"0") -> 5,_48 | E41: 5.0052 | F41: 6.083 | G41: 48.03 | H41: 0.39745 | I41: =G41/E41 -> 9.5960201 | J41: =F41*E41 -> 30.446632 | K41: =H41*G41 -> 19.089524 | L41: =J41-K41 -> 11.357108 | M41: =K41/J41 -> 0.6269831 | N41: 120
B43: 0.05 | C43: dcm | D43: =TEXT(ROUND(E43,3),"#,#")&"_"&TEXT(G43,"0") -> 12,_24 | E43: 12.0028 | F43: 0.07333 | G43: 24.033 | H43: 0.02419 | I43: =G43/E43 -> 2.0022828 | J43: =F43*E43 -> 0.88016532 | K43: =H43*G43 -> 0.58135827 | L43: =J43-K43 -> 0.29880705 | M43: =K43/J43 -> 0.66051031 | N43: 1000 | O43: =C43&"_"&TEXT(B43,"0,####")&"_"&TEXT(ROUND(E43,3),"#,#")&"_"&TEXT(G43,"0")&"_"&TEXT(ROUND(K43,1),"0,##") -> dcm_0,05_12,_24_0,6 | P43: passiver wdst
B44: 0.092 | C44: dcm | D44: =TEXT(ROUND(E44,3),"#,#")&"_"&TEXT(G44,"0") -> 12,_24 | E44: 12.0017 | F44: 0.1418 | G44: 24.03 | H44: 0.0595 | I44: =G44/E44 -> 2.0022164 | J44: =F44*E44 -> 1.7018411 | K44: =H44*G44 -> 1.429785 | L44: =J44-K44 -> 0.27205606 | M44: =K44/J44 -> 0.84014015 | N44: 400
B45: 0.1083 | C45: dcm | D45: =TEXT(ROUND(E45,3),"#,#")&"_"&TEXT(G45,"0") -> 12,_24 | E45: 12.0076 | F45: 0.23892 | G45: 24.016 | H45: 0.10025 | I45: =G45/E45 -> 2.0000666 | J45: =F45*E45 -> 2.8688558 | K45: =H45*G45 -> 2.407604 | L45: =J45-K45 -> 0.46125179 | M45: =K45/J45 -> 0.83922099 | N45: 240
B46: 0.162 | C46: dcm | D46: =TEXT(ROUND(E46,3),"#,#")&"_"&TEXT(G46,"0") -> 12,_24 | E46: 12.0076 | F46: 0.47781 | G46: 24.036 | H46: 0.20866 | I46: =G46/E46 -> 2.0017322 | J46: =F46*E46 -> 5.7373514 | K46: =H46*G46 -> 5.0153518 | L46: =J46-K46 -> 0.7219996 | M46: =K46/J46 -> 0.87415803 | N46: 115
B47: 0.208 | C47: dcm | D47: =TEXT(ROUND(E47,3),"#,#")&"_"&TEXT(G47,"0") -> 12,_24 | E47: 12.0096 | F47: 0.72157 | G47: 24.013 | H47: 0.31633 | I47: =G47/E47 -> 1.9994837 | J47: =F47*E47 -> 8.6657671 | K47: =H47*G47 -> 7.5960323 | L47: =J47-K47 -> 1.0697348 | M47: =K47/J47 -> 0.87655625 | N47: 76
B48: 0.253 | C48: ccm | D48: =TEXT(ROUND(E48,3),"#,#")&"_"&TEXT(G48,"0") -> 12,_24 | E48: 12.0029 | F48: 0.93082 | G48: 24.001 | H48: 0.41387 | I48: =G48/E48 -> 1.9996001 | J48: =F48*E48 -> 11.172539 | K48: =H48*G48 -> 9.9332939 | L48: =J48-K48 -> 1.2392455 | M48: =K48/J48 -> 0.88908112 | N48: 58
B49: 0.2605 | C49: ccm | D49: =TEXT(ROUND(E49,3),"#,#")&"_"&TEXT(G49,"0") -> 12,_24 | E49: 12.0033 | F49: 1.922 | G49: 24.046 | H49: 0.8584 | I49: =G49/E49 -> 2.0032824 | J49: =F49*E49 -> 23.070343 | K49: =H49*G49 -> 20.641086 | L49: =J49-K49 -> 2.4292562 | M49: =K49/J49 -> 0.89470221 | N49: 28
B50: 0.263 | C50: ccm | D50: =TEXT(ROUND(E50,3),"#,#")&"_"&TEXT(G50,"0") -> 12,_24 | E50: 12.042 | F50: 2.6705 | G50: 24.0145 | H50: 1.1869 | I50: =G50/E50 -> 1.9942285 | J50: =F50*E50 -> 32.158161 | K50: =H50*G50 -> 28.50281 | L50: =J50-K50 -> 3.6553509 | M50: =K50/J50 -> 0.88633209 | N50: 20 | O50: =C50&"_"&TEXT(B50,"0,####")&"_"&TEXT(ROUND(E50,3),"#,#")&"_"&TEXT(G50,"0")&"_"&TEXT(ROUND(K50,1),"0,##") -> ccm_0,263_12,_24_28,5 | P50: nach messung am 07.05.2026
B51: 0.263 | C51: ccm | D51: =TEXT(ROUND(E51,3),"#,#")&"_"&TEXT(G51,"0") -> 12,_24 | E51: 12.01 | F51: 2.8304 | G51: 24.019 | H51: 1.2615 | I51: =G51/E51 -> 1.9999167 | J51: =F51*E51 -> 33.993104 | K51: =H51*G51 -> 30.299968 | L51: =J51-K51 -> 3.6931355 | M51: =K51/J51 -> 0.89135633 | N51: 19
B52: 0.268 | C52: ccm | D52: =TEXT(ROUND(E52,3),"#,#")&"_"&TEXT(G52,"0") -> 12,_24 | E52: 12.0232 | F52: 4.5499 | G52: 24.076 | H52: 1.997 | I52: =G52/E52 -> 2.0024619 | J52: =F52*E52 -> 54.704358 | K52: =H52*G52 -> 48.079772 | L52: =J52-K52 -> 6.6245857 | M52: =K52/J52 -> 0.87890205 | N52: 12
B53: 0.27 | C53: ccm | D53: =TEXT(ROUND(E53,3),"#,#")&"_"&TEXT(G53,"0") -> 12,_24 | E53: 12.0058 | F53: 6.0917 | G53: 24.0296 | H53: 2.6518 | I53: =G53/E53 -> 2.0014993 | J53: =F53*E53 -> 73.135732 | K53: =H53*G53 -> 63.721693 | L53: =J53-K53 -> 9.4140386 | M53: =K53/J53 -> 0.8712799 | N53: 9 | O53: =C53&"_"&TEXT(B53,"0,####")&"_"&TEXT(ROUND(E53,3),"#,#")&"_"&TEXT(G53,"0")&"_"&TEXT(ROUND(K53,1),"0,##") -> ccm_0,27_12,_24_63,7
B55: 0.1222 | C55: dcm | D55: =TEXT(ROUND(E55,3),"#,#")&"_"&TEXT(G55,"0") -> 12,_48 | E55: 12.0075 | F55: 0.2822 | G55: 48.035 | H55: 0.048335 | I55: =G55/E55 -> 4.0004164 | J55: =F55*E55 -> 3.3885165 | K55: =H55*G55 -> 2.3217717 | L55: =J55-K55 -> 1.0667448 | M55: =K55/J55 -> 0.68518826 | N55: 1000 | O55: =C55&"_"&TEXT(B55,"0,####")&"_"&TEXT(ROUND(E55,3),"#,#")&"_"&TEXT(G55,"0")&"_"&TEXT(ROUND(K55,1),"0,##") -> dcm_0,1222_12,_48_2,3 | P55: passiver wdst
B56: 0.1785 | C56: dcm | D56: =TEXT(ROUND(E56,3),"#,#")&"_"&TEXT(G56,"0") -> 12,_48 | E56: 12.0277 | F56: 0.5306 | G56: 48.05 | H56: 0.106 | I56: =G56/E56 -> 3.994945 | J56: =F56*E56 -> 6.3818976 | K56: =H56*G56 -> 5.0933 | L56: =J56-K56 -> 1.2885976 | M56: =K56/J56 -> 0.79808551 | N56: 450
B57: 0.249 | C57: dcm | D57: =TEXT(ROUND(E57,3),"#,#")&"_"&TEXT(G57,"0") -> 12,_48 | E57: 12.0068 | F57: 1.04299 | G57: 48.028 | H57: 0.20908 | I57: =G57/E57 -> 4.0000666 | J57: =F57*E57 -> 12.522972 | K57: =H57*G57 -> 10.041694 | L57: =J57-K57 -> 2.4812781 | M57: =K57/J57 -> 0.80186189 | N57: 230
B58: 0.3172 | C58: dcm | D58: =TEXT(ROUND(E58,3),"#,#")&"_"&TEXT(G58,"0") -> 12,_48 | E58: 12.0013 | F58: 1.93739 | G58: 48.022 | H58: 0.40016 | I58: =G58/E58 -> 4.0013998 | J58: =F58*E58 -> 23.251199 | K58: =H58*G58 -> 19.216484 | L58: =J58-K58 -> 4.0347151 | M58: =K58/J58 -> 0.82647281 | N58: 120
B59: 0.3753 | C59: ccm | D59: =TEXT(ROUND(E59,3),"#,#")&"_"&TEXT(G59,"0") -> 12,_48 | E59: 12.0192 | F59: 2.977 | G59: 48.019 | H59: 0.62142 | I59: =G59/E59 -> 3.995191 | J59: =F59*E59 -> 35.781158 | K59: =H59*G59 -> 29.839967 | L59: =J59-K59 -> 5.9411914 | M59: =K59/J59 -> 0.83395754 | N59: 77
B60: 0.378 | C60: ccm | D60: =TEXT(ROUND(E60,3),"#,#")&"_"&TEXT(G60,"0") -> 12,_48 | E60: 12.0251 | F60: 4.968 | G60: 48.04 | H60: 1.0445 | I60: =G60/E60 -> 3.9949772 | J60: =F60*E60 -> 59.740697 | K60: =H60*G60 -> 50.17778 | L60: =J60-K60 -> 9.5629168 | M60: =K60/J60 -> 0.83992626 | N60: 46
B61: 0.3787 | C61: ccm | D61: =TEXT(ROUND(E61,3),"#,#")&"_"&TEXT(G61,"0") -> 12,_48 | E61: 12.01 | F61: 6.0125 | G61: 48.028 | H61: 1.2628 | I61: =G61/E61 -> 3.9990008 | J61: =F61*E61 -> 72.210125 | K61: =H61*G61 -> 60.649758 | L61: =J61-K61 -> 11.560367 | M61: =K61/J61 -> 0.83990657 | N61: 38 | O61: =C61&"_"&TEXT(B61,"0,####")&"_"&TEXT(ROUND(E61,3),"#,#")&"_"&TEXT(G61,"0")&"_"&TEXT(ROUND(K61,1),"0,##") -> ccm_0,3787_12,_48_60,6
B63: 0.0442 | C63: dcm | D63: =TEXT(ROUND(E63,3),"#,#")&"_"&TEXT(G63,"0") -> 24,_48 | E63: 24.003 | F63: 0.12831 | G63: 48.015 | H63: 0.04834 | I63: =G63/E63 -> 2.000375 | J63: =F63*E63 -> 3.0798249 | K63: =H63*G63 -> 2.3210451 | L63: =J63-K63 -> 0.75877983 | M63: =K63/J63 -> 0.75362891 | N63: 1000 | O63: =C63&"_"&TEXT(B63,"0,####")&"_"&TEXT(ROUND(E63,3),"#,#")&"_"&TEXT(G63,"0")&"_"&TEXT(ROUND(K63,1),"0,##") -> dcm_0,0442_24,_48_2,3 | P63: passiver wdst
B64: 0.0835 | C64: dcm | D64: =TEXT(ROUND(E64,3),"#,#")&"_"&TEXT(G64,"0") -> 24,_48 | E64: 24.012 | F64: 0.25225 | G64: 48.0001 | H64: 0.10598 | I64: =G64/E64 -> 1.9990047 | J64: =F64*E64 -> 6.057027 | K64: =H64*G64 -> 5.0870506 | L64: =J64-K64 -> 0.9699764 | M64: =K64/J64 -> 0.83985932 | N64: 450
B65: 0.124 | C65: dcm | D65: =TEXT(ROUND(E65,3),"#,#")&"_"&TEXT(G65,"0") -> 24,_48 | E65: 24.0047 | F65: 0.493 | G65: 48.08 | H65: 0.2193 | I65: =G65/E65 -> 2.0029411 | J65: =F65*E65 -> 11.834317 | K65: =H65*G65 -> 10.543944 | L65: =J65-K65 -> 1.2903731 | M65: =K65/J65 -> 0.89096345 | N65: 220
B66: 0.168 | C66: dcm | D66: =TEXT(ROUND(E66,3),"#,#")&"_"&TEXT(G66,"0") -> 24,_48 | E66: 24.0176 | F66: 0.88647 | G66: 48.037 | H66: 0.39902 | I66: =G66/E66 -> 2.0000749 | J66: =F66*E66 -> 21.290882 | K66: =H66*G66 -> 19.167724 | L66: =J66-K66 -> 2.1231581 | M66: =K66/J66 -> 0.90027853 | N66: 120
B67: 0.2093 | C67: dcm | D67: =TEXT(ROUND(E67,3),"#,#")&"_"&TEXT(G67,"0") -> 24,_48 | E67: 24.006 | F67: 1.36976 | G67: 48.03 | H67: 0.62191 | I67: =G67/E67 -> 2.0007498 | J67: =F67*E67 -> 32.882459 | K67: =H67*G67 -> 29.870337 | L67: =J67-K67 -> 3.0121213 | M67: =K67/J67 -> 0.90839732 | N67: 77 | O67: =C67&"_"&TEXT(B67,"0,####")&"_"&TEXT(ROUND(E67,3),"#,#")&"_"&TEXT(G67,"0")&"_"&TEXT(ROUND(K67,1),"0,##") -> dcm_0,2093_24,_48_29,9
B68: 0.2503 | C68: ccm | D68: =TEXT(ROUND(E68,3),"#,#")&"_"&TEXT(G68,"0") -> 24,_48 | E68: 24.0197 | F68: 2.2743 | G68: 48.031 | H68: 1.04384 | I68: =G68/E68 -> 1.9996503 | J68: =F68*E68 -> 54.628004 | K68: =H68*G68 -> 50.136679 | L68: =J68-K68 -> 4.4913247 | M68: =K68/J68 -> 0.91778347 | N68: 46 | O68: =C68&"_"&TEXT(B68,"0,####")&"_"&TEXT(ROUND(E68,3),"#,#")&"_"&TEXT(G68,"0")&"_"&TEXT(ROUND(K68,1),"0,##") -> ccm_0,2503_24,_48_50,1
B69: 0.2516 | C69: ccm | D69: =TEXT(ROUND(E69,3),"#,#")&"_"&TEXT(G69,"0") -> 24,_48 | E69: 24.0044 | F69: 3.17299 | G69: 48.057 | H69: 1.4614 | I69: =G69/E69 -> 2.002008 | J69: =F69*E69 -> 76.165721 | K69: =H69*G69 -> 70.2305 | L69: =J69-K69 -> 5.9352214 | M69: =K69/J69 -> 0.9220749 | N69: 33
B70: 0.253 | C70: ccm | D70: =TEXT(ROUND(E70,3),"#,#")&"_"&TEXT(G70,"0") -> 24,_48 | E70: 24.017 | F70: 4.212 | G70: 48.031 | H70: 1.93486 | I70: =G70/E70 -> 1.9998751 | J70: =F70*E70 -> 101.1596 | K70: =H70*G70 -> 92.933261 | L70: =J70-K70 -> 8.2263433 | M70: =K70/J70 -> 0.91867956 | N70: 25 | O70: =C70&"_"&TEXT(B70,"0,####")&"_"&TEXT(ROUND(E70,3),"#,")&"_"&TEXT(G70,"0")&"_"&TEXT(ROUND(K70,1),"0,##") -> ccm_0,253_24,_48_92,9 | P70: nach messung am 07.05.2026
B71: 0.2532 | C71: ccm | D71: =TEXT(ROUND(E71,3),"#,#")&"_"&TEXT(G71,"0") -> 24,_48 | E71: 24.014 | F71: 4.5243 | G71: 48.042 | H71: 2.08588 | I71: =G71/E71 -> 2.000583 | J71: =F71*E71 -> 108.64654 | K71: =H71*G71 -> 100.20985 | L71: =J71-K71 -> 8.4366932 | M71: =K71/J71 -> 0.92234734 | N71: 23 | O71: =C71&"_"&TEXT(B71,"0,####")&"_"&TEXT(ROUND(E71,3),"#,#")&"_"&TEXT(G71,"0")&"_"&TEXT(ROUND(K71,1),"0,##") -> ccm_0,2532_24,_48_100,2
B72: 0.2548 | C72: ccm | D72: =TEXT(ROUND(E72,3),"#,#")&"_"&TEXT(G72,"0") -> 24,_48 | E72: 24.028 | F72: 6.0682 | G72: 48.092 | H72: 2.78945 | I72: =G72/E72 -> 2.0014983 | J72: =F72*E72 -> 145.80671 | K72: =H72*G72 -> 134.15023 | L72: =J72-K72 -> 11.65648 | M72: =K72/J72 -> 0.92005526 | N72: 17.2 | O72: =C72&"_"&TEXT(B72,"0,####")&"_"&TEXT(ROUND(E72,3),"#,#")&"_"&TEXT(G72,"0")&"_"&TEXT(ROUND(K72,1),"0,##") -> ccm_0,2548_24,_48_134,2

Sheet Bildverzeichnis
A2: Oszi-Bild | B2: Thermo-Bild | C2: Ref [M_d_Vin_Vout_Pout] | D2: Ch1 | E2: CH2 | F2: CH3 | G2: CH4 | H2: comment
A3: tek00000 | B3: - | C3: =Wirkungsgradkurven!O15 -> dcm_0,273_3,3_24_1,2 | D3: SIG1 | E3: SIG2 | F3: IL11 | G3: IL21
A4: tek00001 | B4: - | C4: =Wirkungsgradkurven!O22 -> dcm_0,123_5,_12_0,5 | D4: SIG1 | E4: SIG2 | F4: IL11 | G4: IL21
A5: tek00002 | B5: - | C5: =Wirkungsgradkurven!O37 -> dcm_0,2303_5,_48_2,3 | D5: SIG1 | E5: SIG2 | F5: IL11 | G5: IL21
A6: tek00003 | B6: - | C6: =Wirkungsgradkurven!O43 -> dcm_0,05_12,_24_0,6 | D6: SIG1 | E6: SIG2 | F6: IL11 | G6: IL21
A7: tek00005 | B7: - | C7: =Wirkungsgradkurven!O53 -> ccm_0,27_12,_24_63,7 | D7: SIG1 | E7: SIG2 | F7: IL11 | G7: IL21 | H7: ccm, strombegrenzt durch Netzteil Ausgangsstrom
A8: tek00006 | B8: - | C8: =Wirkungsgradkurven!O55 -> dcm_0,1222_12,_48_2,3 | D8: SIG1 | E8: SIG2 | F8: IL11 | G8: IL21
A9: tek00004 | B9: - | C9: =Wirkungsgradkurven!O61 -> ccm_0,3787_12,_48_60,6 | D9: SIG1 | E9: SIG2 | F9: IL11 | G9: IL21 | H9: ccm, strombegrenzt durch Netzteil Ausgangsstrom
A10: tek00007 | B10: - | C10: =Wirkungsgradkurven!O63 -> dcm_0,0442_24,_48_2,3 | D10: SIG1 | E10: SIG2 | F10: IL11 | G10: IL21
A11: tek00008 | B11: - | C11: =Wirkungsgradkurven!O67 -> dcm_0,2093_24,_48_29,9 | D11: SIG1 | E11: SIG2 | F11: IL11 | G11: IL21
A12: tek00009 | B12: - | C12: =Wirkungsgradkurven!O68 -> ccm_0,2503_24,_48_50,1 | D12: SIG1 | E12: SIG2 | F12: IL11 | G12: IL21
A13: tek00010 | B13: - | C13: =Wirkungsgradkurven!O71 -> ccm_0,2532_24,_48_100,2 | D13: SIG1 | E13: SIG2 | F13: IL11 | G13: IL21
A14: tek00011 | B14: HM20260319174948 HM20260319175024 HM20260319175038 HM20260319175052 | C14: =Wirkungsgradkurven!O72 -> ccm_0,2548_24,_48_134,2 | D14: SIG1 | E14: SIG2 | F14: IL11 | G14: IL21 | H14: ccm, strombegrenzt durch Netzteil Ausgangsstrom
A15: - | B15: Ordner: | C15: =Wirkungsgradkurven!O50 -> ccm_0,263_12,_24_28,5 | D15: - | E15: - | F15: - | G15: - | H15: Ref Messung für Stationäre Messungen
A16: - | B16: Ordner: | C16: =Wirkungsgradkurven!O70 -> ccm_0,253_24,_48_92,9 | D16: - | E16: - | F16: - | G16: - | H16: Ref Messung für Stationäre Messungen

Sheet Messmittel
B2: Gerät | C2: Art | D2: Verwendung | E2: Anzahl
B3: Tektronix AFG3022B | C3: Funktionsgenerator | D3: Schalter-Ansteuersignal | E3: 1
B4: Tektronix MSO 3034 | C4: Digitales Oszilloskop | D4: Messsignale im Zeitbereich | E4: 1
B5: GWINSTEK SPD-3606 | C5: Labor Netzteil | D5: Versorgung DCDC, Treiber | E5: 1
B6: Tektronix DMM 4040 6-1/2 | C6: Digitales Multimeter | D6: Vout,Iout, Vin, Iin RMS Messung | E6: 4
B7: GOSSEN METRAWATT 32EL300R30 | C7: Elektronische Last | D7: Stellbare Ohm'sche Last | E7: 1
B8: HIKMICRO HM-TP42-3AQF/W-Pocket2 | C8: Thermo Kamera | D8: Halbleiter Temperaturüberwachung | E8: 1
B9: Passiver Leistungswiderstand mit Kühlkörper | C9: 1k Ohm Leistungswiderstand | D9: Ohmsche Last | E9: 1
B10: TCP202 AC/DC Current Probe | C10: Strommesszange | D10: Isolierte Strommessung im Zeitbereich | E10: 2
